:020000040800F2
:10000000F0650020290200082D590008AD520008B3
:10001000F15800080D0600081D71000800000000DE
:10002000000000000000000000000000B15E0008B9
:10003000151A000800000000215B00087D6500081B
:10004000430200084302000843020008430200087C
:10005000430200084302000843020008430200086C
:10006000430200084302000843020008430200085C
:10007000430200084302000843020008430200084C
:10008000D9160008E91600084302000843020008D8
:100090001106000821060008430200084302000878
:1000A000430200087166000843020008430200088A
:1000B00081660008916600084302000843020008B8
:1000C00043020008430200084302000843020008FC
:1000D00043020008FD7000080D710008430200088B
:1000E00043020008430200084302000843020008DC
:1000F00043020008430200084302000843020008CC
:1001000043020008430200084302000843020008BB
:1001100043020008430200084302000843020008AB
:100120004302000843020008F916000843020008D1
:100130004302000800000000000000004302000825
:100140003106000841060008430200084302000887
:100150004302000843020008091700084302000890
:10016000430200084302000843020008430200085B
:1001700043020008430200080000000000000000E5
:10018000430200084302000800F002F800F03CF8C7
:100190000AA090E8000C82448344AAF10107DA45E2
:1001A00001D100F031F8AFF2090EBAE80F0013F0F8
:1001B000010F18BFFB1A43F00103184754AF0000AA
:1001C00074AF0000103A24BF78C878C1FAD852073B
:1001D00024BF30C830C144BF04680C6070470000C1
:1001E0000023002400250026103A28BF78C1FBD840
:1001F000520728BF30C148BF0B6070471FB50AF0D7
:1002000000FF1FBD10B510BD00F054F91146FFF7F7
:10021000F5FF07F0A3FD00F072F903B4FFF7F2FF5A
:1002200003BC00F075F90000094880470948004701
:10023000FEE7FEE7FEE7FEE7FEE7FEE7FEE7FEE796
:10024000FEE7FEE704480549054A064B70470000F3
:100250005D66000889010008F0590020F065002063
:10026000F0610020F061002053EA020C00F0698088
:100270002DE9F04B4FF00006002B1FBFB3FA83F5BA
:1002800003FA05F424FA05F65E4012BF1643B2FAEB
:1002900082F502FA05F4C5F120051EBF22FA05FC1D
:1002A00044EA0C04203556EA044C4FEA144418BFC3
:1002B000641C4FF000084FF00009904271EB030CF2
:1002C00039D3002919BFB1FA81F701FA07F6B0FA5C
:1002D00080F700FA07F6C7F120071EBF20FA07FCD7
:1002E00046EA0C062037B6FBF4FCA7EB0507103FE7
:1002F00007F01F0BCBF120062CFA06F60CFA0BFBCD
:1003000044BFB3460026202FA4BF5E464FF0000B2B
:100310005BEA060C08BF4FF0010B19EB0B0948EB29
:100320000608ABFB027C06FB02CC0BFB03CCC01B1C
:1003300071EB0C01C1E70B46024641464846BDE859
:10034000F08B13B5084318BF4FF0FF300146AFF3F1
:100350000080BDE81C407047032A40F2308010F056
:10036000030C00F0158011F8013BBCF1020F624450
:1003700098BF11F801CB00F8013B38BF11F8013BE1
:10038000A2F1040298BF00F801CB38BF00F8013B8E
:1003900011F0030300F05780083AC0F0088051F8CC
:1003A000043B083A51F804CBA0E80810F5E7121D09
:1003B0005CBF51F8043B40F8043BAFF30080D20728
:1003C00024BF11F8013B11F801CB48BF11F8012BF4
:1003D00024BF00F8013B00F801CB48BF00F8012B17
:1003E000704702F0FF0343EA032242EA024200F0B0
:1003F00002B84FF0000200B51346944696462039E5
:1004000022BFA0E80C50A0E80C50B1F12001BFF4CD
:10041000F7AF090728BFA0E80C5048BF0CC05DF833
:1004200004EB890028BF40F8042B08BF704748BF81
:1004300020F8022B11F0804F18BF00F8012B7047F5
:1004400070477047704710B5203AC0F00B80B1E894
:100450001850A0E81850B1E81850A0E81850203AF9
:10046000BFF4F5AF5FEA027C24BFB1E81850A0E802
:10047000185044BF18C918C0BDE810405FEA827C1C
:1004800024BF51F8043B40F8043B08BF7047D20733
:1004900028BF31F8023B48BF11F8012B28BF20F8D4
:1004A000023B48BF00F8012B70470000004870472E
:1004B000B00000207546FFF7F9FFAE46050069461B
:1004C000534620F00700854618B020B5FFF7BAFE66
:1004D000BDE820404FF000064FF000074FF0000845
:1004E0004FF0000BAC46ACE8C009ACE8C009ACE882
:1004F000C009ACE8C00921F007018D46704710B56E
:100500000446AFF300802046BDE81040FFF785BEEB
:1005100001491820ABBEFEE726000200704700002C
:1005200080B586B00590FFE740F21011C2F20001DD
:1005300008788DF81300002008708DF81200FFE78E
:100540009DF812009DF8131088421DDAFFE7002085
:10055000C4F2020002904FF480710191012202F076
:100560008DFF2820039007F027FC019902980022B4
:1005700002F084FF039807F01FFCFFE79DF81200CC
:1005800001308DF81200DBE7012007F015FCCBE706
:1005900080B586B00020C4F2020002904FF4807152
:1005A00003910122019202F069FFC820009002F03D
:1005B00067FD029803990022049202F05FFF009801
:1005C00002F05EFD019A0298039902F057FF322073
:1005D000059002F055FD02980399049A02F04EFF2F
:1005E000059802F04DFD019A0298039902F046FF2A
:1005F000059802F045FD02980399049A02F03EFF27
:10060000059802F03DFD06B080BD0000FFE7FEE763
:1006100080B540F60C50C2F2000001F03BFD80BDF9
:1006200080B540F60C50C2F2000001F033FD80BDF1
:1006300080B540F63450C2F2000001F02BFD80BDC1
:1006400080B540F63450C2F2000001F023FD80BDB9
:1006500080B58CB00A9000200390029001900A9817
:1006600000F0F4F820B1FFE700208DF82F005DE0E6
:100670000A98017801EB410100EBC1000069069086
:10068000002007900A98017801EB410100EBC100BE
:10069000007B08900898092803D3FFE708200890FA
:1006A000FFE700208DF82400069848B9FFE70A9874
:1006B000017801EB410100EBC1008068049008E083
:1006C0000A98017801EB410100EBC10080680590B8
:1006D000FFE70A98017801EB410100EBC10000F14E
:1006E0001401089A02A80090FFF736FE009A0A98B3
:1006F000406804A901AB01F043FA20B1FFE70020F4
:100700008DF82F0012E00A99087801304AF6AB22E2
:10071000CAF6AA22A0FB0232D20802EB4202A0EBE8
:100720008200087001208DF82F00FFE79DF82F0050
:100730000CB080BD70B58AB0119D109CDDF83CE016
:10074000DDF838C0129E09950894CDF81CE0CDF86C
:1007500018C00593049203910290029800F082F869
:1007600008B1FFE747E00798092803D3FFE708200F
:10077000019003E09DF81C000190FFE701980299A9
:100780004A7802EB420201EBC20108730598029914
:100790004A7802EB420201EBC2010861059818B9E0
:1007A000FFE70398009002E004980090FFE70098AC
:1007B00002994A7802EB420201EBC201886002987A
:1007C000417801EB410100EBC10202F114001299E2
:1007D000127BFFF7C1FD0299487801304AF6AB223F
:1007E000CAF6AA22A0FB0232D20802EB4202A0EB18
:1007F00082004870FFE70AB070BD000041F2D4509B
:10080000C2F200000078C00708B1FFE71DE040F227
:100810001812C2F2000200205070107040F2402105
:10082000C2F200014870087040F60C50C2F200009D
:10083000506040F63450C2F20000486041F2D4519A
:10084000C2F2000101200870FFE7704781B00090FC
:10085000009908784978401AB0FA80F0400901B050
:100860007047000081B00090009801784078013016
:100870004AF6AB22CAF6AA22A0FB0232D20802EB49
:100880004202A0EB8200401AB0FA80F0400901B0A9
:100890007047000083B002900191029800788DF8B3
:1008A000030001980078029908709DF803000199EF
:1008B000087003B07047000088B007908DED060AFD
:1008C000079840F28C31C2F20001096888420ED1CB
:1008D000FFE700208DF8170040F28C30C2F20000D4
:1008E0000168896B049100681C30039047E0079809
:1008F00040F28C31C2F20001496888420ED1FFE714
:1009000001208DF8170040F28C30C2F200004168DF
:10091000896B049140681C3003902FE0079840F2E7
:100920008C31C2F20001896888420ED1FFE70220B3
:100930008DF8170040F28C30C2F200008168896B9C
:10094000049180681C30039017E0079840F28C31C6
:10095000C2F20001C96888420ED1FFE703208DF87A
:10096000170040F28C30C2F20000C168096A04919D
:10097000C06808300390FFE7FFE7FFE7FFE79DF857
:10098000171040F26400C2F2000000EB0110C068D2
:1009900002909DF8170002280AD1FFE79DF8171072
:1009A00040F26400C2F2000000EB011000900AE087
:1009B0009DF8171040F26400C2F2000000EB011035
:1009C00004300090FFE7009801909DF8171040F266
:1009D0006830C2F20000405CC007E0B9FFE7019850
:1009E00000689DF8172040F27C31C2F2000141F806
:1009F000220004989DF8172040F26C31C2F20001E9
:100A000041F822009DF8172040F26831C2F200013F
:100A100001208854FFE79DF8173040F26C30C2F295
:100A2000000000EB830191ED001A9DED060A40F2F3
:100A30007C32C2F2000202EB830191ED002A30EE1B
:100A4000420A9DED022A20EE020A30EE010A40F22F
:100A50006401C2F2000101EB031383ED020A9DF869
:100A6000173001EB03118968039B19609DF817107B
:100A700002EB810292ED000A9DED041A00EB810069
:100A800090ED002A31EE421A9DED022A81EE021A03
:100A900030EE010A019880ED000A08B070470000AE
:100AA00084B08DED020ACDED010A8DED001A9DEDA9
:100AB000020A9DED011AB4EE410AF1EE10FA03DAD2
:100AC000FFE7019803900FE09DED020A9DED001AEB
:100AD000B4EE410AF1EE10FA03DDFFE7009803904F
:100AE00002E002980390FFE79DED030A04B070470F
:100AF00083B08DED010ACDED000A9DED010A9DED5B
:100B0000001AB4EE410AF1EE10FA03DDFFE7009897
:100B1000029015E09DED010A9DED001AB1EE411A1B
:100B2000B4EE410AF1EE10FA07DAFFE79DED000A94
:100B3000B1EE400A8DED020A02E001980290FFE753
:100B40009DED020A03B0704780B540F2A830C2F2B2
:100B5000000040F6E001C2F2000140F2A033C2F210
:100B60000003022205F08AF810B1FFE7FFE7FEE775
:100B700080BD000080B582B0019004F0BBFEFFE7AD
:100B8000FFF7E2FF0A2007F017F9F9E740F28C308F
:100B9000C2F2000040F2BC31C2F20001016001F17A
:100BA000F402426001F5F471816040F63411C2F242
:100BB000000101F5F071C1600268012151704268C5
:100BC000517082685170C268117002680221917080
:100BD0004268917082689170C168032048707047C4
:100BE00080B582B00190FFE7012007F0E5F8FBE750
:100BF00081B08DED000A9DED000A9FED031A80EE95
:100C0000010A01B0704700BF0000B44310B584B0C2
:100C100003900398B0F844000399B1F86010401AAB
:100C20000399A1F846000398B0F94600012805DBB6
:100C3000FFE70398B0F94600029005E00398B0F989
:100C4000460040420290FFE70298B0F5805F12DD57
:100C5000FFE70398B0F846300398B0F946104FF01C
:100C6000FF300029C8BF012003998A8800FB123099
:100C7000A1F84600FFE70398B0F946200399886C75
:100C800010448864039890ED120AB8EEC00A9FEDF4
:100C9000251A20EE010A8DED010A0398818800EEE5
:100CA000101AB8EE400A8DED000A00F033FF9DEDFA
:100CB000001AB0EE402A9DED010A21EE021A80EEE4
:100CC000010A039880ED0E0A03984078C00730B1FE
:100CD000FFE70398806C0399C1F88C00FFE7039845
:100CE00090F86F00C00740B1FFE7039800F0B6FB33
:100CF0000399002081F86F00FFE70399486B8A6B26
:100D0000CB6BD1F840C0D1F844E08C6C4C66C1F894
:100D100060E0C1F85CC08B654A650865C86C886690
:100D200004B010BD0000B44380B58AB00990002023
:100D30000090089007900690059004900390029010
:100D40008DF8070005900690082107918DF8200086
:100D50000998007804280CD8FFE74FF4007003903E
:100D6000099801786FF0010000EB41008DF8070051
:100D70000BE040F2FF100390099801786FF0090032
:100D800000EB41008DF80700FFE70998018B9DF803
:100D9000072040F28C70C2F2000081529DF80710CB
:100DA0000844411CFFF776FD09980078042805D017
:100DB000FFE70998007808280BD1FFE700F0A8F8B2
:100DC00040F28C72C2F2000203A902AB00F0D8FE1E
:100DD000FFE70AB080BD000080B584B0002003901A
:100DE000FFE70398032800F29180FFE7039840F2A1
:100DF000BC32C2F20002F42100FB01204078C0079F
:100E0000002869D0FFE7039840F2BC32C2F200022A
:100E10000092F421019100FB012000F0A1FB009A57
:100E20000199039800FB0120C07801460291042833
:100E300050D80299DFE801F003131E29340003980B
:100E400040F2BC32C2F20002F42100FB0123002078
:100E50001883039800FB0120FFF766FF52E0039818
:100E600040F2BC32C2F20002F42100FB012000F08B
:100E700005FB30E0039840F2BC32C2F20002F421DC
:100E800000FB012000F098F925E0039840F2BC3205
:100E9000C2F20002F42100FB012000F08FFB1AE0F7
:100EA000039840F2BC32C2F20002F42100FB0120A0
:100EB000B0F9180000EE100AB8EEC00A039800FB63
:100EC0000120B0F9140001EE100AF8EEC10AFFF794
:100ED0000FFE00E0FFE70AE0039840F2BC32C2F2E6
:100EE0000002F42100FB012100200883FFE70398A2
:100EF00040F2BC32C2F20002F42100FB0120FFF7F5
:100F000013FFFFE70398013003906AE704B080BD48
:100F100040F60C50C2F2000070470000F0B5A1B0DE
:100F200040F2FF101F904FF07E511D910020C4F23F
:100F300010201E9041F6FF70ADF8700041F294123F
:100F4000ADF880204FF400721A9218914AF22C01E9
:100F5000C4F299111991ADF85C0042F21070ADF82D
:100F60006C0001218DF84310002006908DF8580088
:100F70000022C4F2873211920022CCF28732129200
:100F80008DF841008DF842104FF4D77214928DF80D
:100F900040004FF4C872ADF84C2040F6B832ADF8BE
:100FA00056203222ADF854208DF83F108DF83D00C8
:100FB0008DF83E008DF83C000D90ADF83800ADF88E
:100FC0003A000B90ADF83000ADF832000A90FFE720
:100FD0000A98032862D8FFE70A9840F2BC33C2F2AD
:100FE00000030393F422049200FB023100200590D9
:100FF00048700A9901FB023188700A9901FB023C92
:101000000F99CCF86C100A9901FB023C1099DDF89D
:1010100044E0129C139D149E159FCCF88470CCF86C
:101020008060CCF87C50CCF87840CCF874E0CCF8F8
:1010300070101699CCF888100A9901FB023C0D99A2
:10104000DDF838E0CCF890E0CCF88C100A9901FB80
:10105000023C0B99DDF830E0CCF898E0CCF8941025
:101060000A9901FB023108830A9901FB0231C86128
:101070000A9901FB023108840A9901FB0231C86216
:101080000A9901FB023188640A9901FB0231A1F837
:101090006000FFE70A9801300A9099E70020099064
:1010A000FFE70998032820D8FFE7099A501CF4218C
:1010B00002FB01F340F2BC32C2F20002D0540998A4
:1010C00000FB01211C981D9A1E9BDDF87CC0DDF8F9
:1010D00080E0C1F814E0C1F810C0CB608A604860BD
:1010E000FFE7099801300990DBE700200890FFE74F
:1010F0000898002824D2FFE7089B581D40F2BC3214
:10110000C2F20002F42103FB012383F8D003089804
:1011100000FB01211798189A199BDDF868C0DDF8CB
:101120006CE0C1F8E4E3C1F8E0C3C1F8DC33C1F816
:10113000D823C1F8D403FFE7089801300890D7E717
:1011400000200790FFE70798032828D8FFE70798B3
:1011500040F2BC32C2F200020192F421029100FB83
:1011600001209C309FED0F0ADFED0F0A9FED0F1A53
:10117000002104F09FFC019A0299079800FB0120CE
:10118000C830B1EE060ADFED0A0A9FED0A1A012106
:1011900004F090FCFFE7079801300790D3E721B0F7
:1011A000F0BD00BF295C8F3D6F12033A00000000C4
:1011B0009A99993E0AD7233C80B586B00590059848
:1011C00090F87100C00770B1FFE7059890ED070A2D
:1011D000059890ED1D1AD0ED1E0AFFF761FC0598E9
:1011E00080ED070AFFE7059890ED070A8DED040AE8
:1011F000059800F08FFCB0EE401A9DED040A20EE39
:10120000010A0598818801EE101AB8EE411A20EE05
:10121000010A9FED411A80EE010ABDEEC00A80ED81
:101220000B0A059890ED0B0AB8EEC00A059880ED00
:101230002A0A059890ED120AB8EEC00A059880EDCA
:101240002B0A05989C3004F0A9FB059880ED350A1F
:10125000059890F87200C007E0B1FFE7059890ED9F
:10126000350A8DED030A059890ED200AB8EEC00A04
:101270008DED020A00F04EFC9DED021AB0EE402A00
:101280009DED030A61EE020AFFF732FC059880ED3E
:10129000350AFFE70598B0F93C0000EE100AB8EEF9
:1012A000C00A8DED010A059800F034FCB0EE401A3A
:1012B0009DED010A20EE010A059880ED360A059899
:1012C000C83004F06BFBB0EE401A0599B1F9180074
:1012D00000EE100AB8EEC00A30EE010ABDEEC00AF8
:1012E00010EE100A08830598B0F9180000EE100AF5
:1012F000B8EEC00A0598B0F9140001EE100AF8EE35
:10130000C10AFFF7F5FBBDEEC00A10EE100A059901
:10131000088306B080BD00BF0000B443B0B58CB0F8
:10132000129CDDF844E0DDF840C0139D0B94CDF82D
:1013300028E0CDF824C008930792069105900798FD
:1013400068B9FFE7089850B9FFE70598B0F5007F46
:1013500005D9FFE70598B0F5027F01D9FFE777E0EF
:101360000598A0F500708DF813009DF8130005286E
:1013700001D3FFE76CE09DF8130040F2BC32C2F2EB
:101380000002F42110FB0120F43803901398017837
:10139000407840EA01200399A1F84400139881782D
:1013A000C07840EA0120ADF80A001398017940792D
:1013B00040EA0120039988860398007806F0C8FC6B
:1013C000A0B1FFE713988079039981F84C00039846
:1013D000B0F9340000EE100AB8EEC00A9FED1E1AF4
:1013E00020EE010A039880ED100A12E00398B0F98C
:1013F000340000EE100AB8EEC00A9FED161A80EE17
:10140000010AB2EE041A20EE010A039880ED100AD8
:10141000FFE7BDF90A0000EE100AB8EEC00A8DED34
:10142000010A039800F076FBB0EE401A9DED010A28
:1014300080EE010ABDEEC00A10EE100A03998887FB
:1014400003990020C1F894000398FFF7DFFBFFE742
:101450000CB0B0BD00401C46E5FF9F3A81B0009043
:101460000099002081F86F000099886300998864D2
:101470000099C1F88C0001B07047000080B584B0BD
:101480000390039890F87000C00798B1FFE70398A5
:1014900090ED350A0398B0F97C0001EE100AF8EEE1
:1014A000C10AFFF725FBBDEEC00A10EE100A039932
:1014B0000884FFE70398B0F9200000EE100AB8EEA8
:1014C000C00A8DED010A039800F024FBB0EE401A2B
:1014D0009DED010A20EE010A039880ED350A03987C
:1014E000B0F93C0000EE100AB8EEC00A8DED020A19
:1014F000039800F00FFBB0EE401A9DED020A20EEBB
:10150000010A039880ED360A0398C83004F046FAC1
:10151000B0EE401A0399B1F9180000EE100AB8EEC7
:10152000C00A30EE010ABDEEC00A10EE100A0883B0
:101530000398B0F9180000EE100AB8EEC00A03983C
:10154000B0F9140001EE100AF8EEC10AFFF7D0FA64
:10155000BDEEC00A10EE100A0399088304B080BDE6
:1015600080B582B00190019880780199C97888424D
:1015700021D0FFE7019880780199C8700199002077
:1015800000900883019908840198806B0199C861D3
:1015900001989C3004F0B0FA0198C83004F0ACFA1D
:1015A0000098019981F86C00019981F86D0001990A
:1015B00081F86E00FFE702B080BD000080B584B006
:1015C00003900398B0F9841000EE101AB8EEC00A28
:1015D0008DED010A00F09EFAB0EE401A9DED010A71
:1015E00020EE010A039880ED350A0398B0F93C001B
:1015F00000EE100AB8EEC00A8DED020A039800F062
:1016000089FAB0EE401A9DED020A20EE010A039815
:1016100080ED360A0398C83004F0C0F9B0EE401AE5
:101620000399B1F9180000EE100AB8EEC00A30EEC6
:10163000010ABDEEC00A10EE100A08830398B0F943
:10164000180000EE100AB8EEC00A0398B0F9860040
:1016500001EE100AF8EEC10AFFF74AFABDEEC00A21
:1016600010EE100A039908830398B0F94600012888
:1016700005DBFFE70398B0F94600009005E003980A
:10168000B0F9460040420090FFE700980E2820DCA9
:10169000FFE7039AB2F89000411CA2F89010652869
:1016A00016D3FFE703990020A1F89000039A0121C7
:1016B00082F86C100399487003989C3004F01CFA6F
:1016C0000398C83004F018FA0398FFF7C7FEFFE745
:1016D000FFE704B080BD000080B540F61C60C2F298
:1016E000000001F023FA80BD80B540F67C60C2F2B4
:1016F000000001F01BFA80BD80B540F65C50C2F2DC
:10170000000001F013FA80BD80B540F6BC50C2F273
:10171000000001F00BFA80BD82B0019001980078C2
:1017200010384AF6AB21CAF6AA21A0FB0110000925
:10173000009000994BF2A000C0F60000405C0199B7
:10174000C8650098042807D3FFE7019908680422B8
:1017500062F30900886506E00199086840F2FF32EB
:1017600090438865FFE70198806D02B070470000E4
:1017700086B0059000208DF813000598806A0390CC
:101780000598806910BBFFE70398029003281BD8D7
:101790000299DFE801F0020D0218059890F82F0079
:1017A000C00720B1FFE701208DF81300FFE70CE030
:1017B0000598C06AB0F1C07F04D1FFE701208DF821
:1017C0001300FFE701E000E0FFE745E005988069CE
:1017D000B0F5005F25D1FFE70398019003281ED8DC
:1017E0000199DFE801F00206021101208DF81300D3
:1017F00016E0059890F82F00C00720B1FFE7012000
:101800008DF81300FFE70BE00598C06AB0F1C07FC8
:1018100004D1FFE701208DF81300FFE700E0FFE7A8
:1018200019E003980090032804D3FFE700980328E9
:1018300004D00EE001208DF813000BE0059890F81D
:101840002F00C00720B1FFE701208DF81300FFE74C
:1018500000E0FFE7FFE7FFE79DF8130006B07047E1
:1018600084B0039002910192009303980168086884
:1018700020F4802008600098039909684860039864
:101880008068402809D1FFE70198039909688860BA
:10189000029803990968C86008E0029803990968EA
:1018A0008860019803990968C860FFE704B0704731
:1018B00080B582B08DF8060040F2A070C2F2000040
:1018C00090F80601012871D1FFE79DF8061040F25B
:1018D000A070C2F2000080F8011190F801015A28AE
:1018E00056D1FFE700208DF805000090FFE7009833
:1018F00040F2A071C2F2000191F802110139884250
:1019000010DAFFE7009940F2A070C2F20000415CDB
:101910009DF8050008448DF80500FFE700980130A8
:101920000090E4E740F2A071C2F20001002081F8CB
:10193000060191F80201084410F8010C9DF8051009
:10194000884224D1FFE740F2A070C2F2000090F874
:101950000201232813D1FFE740F6A800C2F20000DD
:1019600000F05AF850B9FFE740F2A071C2F200014E
:10197000002081F802018DF8070046E0FFE740F201
:10198000A071C2F20001002081F80201FFE70CE023
:101990009DF8060040F2A071C2F2000191F8022108
:1019A000531C81F802318854FFE715E09DF80610BA
:1019B00040F2A070C2F2000080F8001190F800011F
:1019C000A52808D1FFE740F2A071C2F20001012072
:1019D00081F80601FFE7FFE740F2A070C2F20000C5
:1019E00090F8020180280CDBFFE740F2A071C2F200
:1019F0000001002081F8060181F802018DF807003E
:101A000003E001208DF80700FFE79DF8070002B012
:101A100080BD00007047000086B0049000208DF863
:101A20000F008DF80E000290FFE7029811281CDCD1
:101A3000FFE70298C11700EB5170C11040F2A0708F
:101A4000C2F20000405C9DF80E104A1C8DF80E207A
:101A500001F00701C84000F001000499029A88547F
:101A6000FFE7029801300290DFE703208DF80F00B6
:101A700000208DF80700FFE79DF80700022816DC1C
:101A8000FFE79DF80F10481C8DF80F0040F2A07082
:101A9000C2F20000405C04999DF80720114488744C
:101AA000FFE79DF8070001308DF80700E4E700200C
:101AB0000090FFE70098062816DCFFE704980099DD
:101AC00000EB81019DF80F2040F2A070C2F20000EF
:101AD000805888619DF80F0004308DF80F00FFE7F3
:101AE000009801300090E5E79DF80F00222804D00F
:101AF000FFE700208DF8170003E001208DF81700A4
:101B0000FFE79DF8170006B07047000072B6FFE7C8
:101B1000FEE7000081B00090009890ED020A90ED81
:101B2000031A20EE010A01B07047000084B0029051
:101B30000191029890F820008DF803009DF80300B1
:101B4000012805D0FFE79DF8030002280AD1FFE72E
:101B5000019A0298016848691043486100208DF895
:101B60000F0008E00299486A40F480204862012092
:101B70008DF80F00FFE79DF80F0004B070470000DC
:101B800088B00690059104920393069890F820007F
:101B90008DF80700069800688068009005988068B6
:101BA00008B9FFE700E0FFE79DF80700012806D02D
:101BB000FFE79DF80700022840F08080FFE79DF8CE
:101BC0000300400700280CD4FFE79DF8030000073E
:101BD000002806D4FFE79DF80300C006002864D55E
:101BE000FFE70098C0F3016002900299012088404D
:101BF000039908600598806868B9FFE7059801684F
:101C0000C06840EA415006990968029A01EB021146
:101C1000C1F880010EE005994A688868C96840EA01
:101C2000C200084306990968029A01EB0211C1F843
:101C30008001FFE70598006906990968029A01EB9F
:101C40000211C1F884010598007D01280CD1FFE73D
:101C500006980068029900EB0111D1F8840140F464
:101C60008070C1F88401FFE704984068069909680C
:101C7000029A01EB0211C1F88C01049800680699E0
:101C80000968029A01EB0211C1F888010698006800
:101C9000029900EB0111D1F8800140F00100C1F878
:101CA000800100208DF81F0011E00699486A40F479
:101CB0000010486201208DF81F0008E00699486A6C
:101CC00040F48020486201208DF81F00FFE79DF856
:101CD0001F0008B07047000086B00490039104987C
:101CE00090F820008DF803009DF80300012806D02D
:101CF000FFE79DF80300022840F0B080FFE746F2BE
:101D00000040C4F2000001900199D1F8000240F0B7
:101D10000100C1F800020199D1F8000220F47C50C2
:101D2000C1F800020398426A0199D1F8000240EA22
:101D30000220C1F800020398406900F01F01012051
:101D400088400290029A0199D1F81C029043C1F890
:101D50001C020398C069F0B9FFE7029A0199D1F813
:101D60000C029043C1F80C02039A9088D168526922
:101D700040EA0140019901EBC201C1F84002039A17
:101D800010889168526940EA0140019901EBC20153
:101D9000C1F84402FFE70398C06901281ED1FFE79C
:101DA000029A0199D1F80C021043C1F80C02039A6F
:101DB00090881168526940EA0140019901EBC20123
:101DC000C1F84002039A90899168526940EA014043
:101DD000019901EBC201C1F84402FFE70398806951
:101DE00040B9FFE7029A0199D1F804029043C1F883
:101DF000040207E0029A0199D1F804021043C1F8E5
:101E00000402FFE70398006940B9FFE7029A0199CD
:101E1000D1F814029043C1F8140207E0029A019924
:101E2000D1F814021043C1F81402FFE70398006AC6
:101E3000012808D1FFE7029A0199D1F81C0210434A
:101E4000C1F81C02FFE70199D1F8000220F001005F
:101E5000C1F8000200208DF8170008E00499486AD4
:101E600040F48020486201208DF81700FFE79DF8BC
:101E7000170006B07047000081B0009001B07047B5
:101E800086B00490039102920193049890F8200088
:101E90008DF803009DF80300012806D0FFE79DF8A8
:101EA0000300022840F0E880FFE7039880B9FFE7CD
:101EB00004980068C068800748B9FFE70499486A39
:101EC00040F40010486201208DF81700DDE00FE0BB
:101ED000049800680069800748B9FFE70499486AD8
:101EE00040F40010486201208DF81700CDE0FFE7B4
:101EF00004980068039900EB0110D0F8B00100F0DD
:101F00000400029988600298806858B9FFE7049835
:101F10000068039900EB0110D0F8B001400D029960
:101F200008600AE004980068039900EB0110D0F8FB
:101F3000B001C00802994860FFE70498006803995F
:101F400000EB0110D0F8B00100F002000299C86067
:101F500004980068039900EB0110D0F8B40100F078
:101F60000F00082804D3FFE70299082008610BE05E
:101F700004980068039900EB0110D0F8B40100F058
:101F80000F0002990861FFE704980068039900EBCD
:101F90000110D0F8B40180B2000A02998861049857
:101FA0000068039900EB0110D0F8B401000C02990D
:101FB000486104980068039900EB0110D0F8B8015B
:101FC0000199087004980068039900EB0110D0F89B
:101FD000B801000A0199487004980068039900EB61
:101FE0000110D0F8B801000C0199887004980068BD
:101FF000039900EB0110D0F8B801000E0199C870E8
:1020000004980068039900EB0110D0F8BC01019915
:10201000087104980068039900EB0110D0F8BC0126
:10202000000A0199487104980068039900EB0110B7
:10203000D0F8BC01000C01998871049800680399DC
:1020400000EB0110D0F8BC01000E0199C871039893
:1020500038B9FFE704980168C86840F02000C860FC
:1020600006E004980168086940F020000861FFE775
:1020700000208DF8170008E00499486A40F4802099
:10208000486201208DF81700FFE79DF8170006B0A1
:102090007047000080B58AB0099000200890099828
:1020A00000684069079009980068406806900998A0
:1020B00000688068059009980068C06804900998D5
:1020C00000680069039009980068806902909DF893
:1020D0001C00C007002800F09480FFE79DF8140062
:1020E000C00758B3FFE709980168012088609DF890
:1020F00014008007002804D5FFE7099800F066FC6B
:102100001BE09DF814004007002805D5FFE708985C
:1021100040F4006008900FE09DF8140000070028CC
:1021200005D5FFE7089840F48050089003E009982F
:1021300000F048FCFFE7FFE7FFE7FFE79DF8150029
:10214000C00760B3FFE7099801684FF480708860AA
:102150009DF815008007002804D5FFE7099800F0D6
:102160003DFC1BE09DF815004007002805D5FFE762
:10217000089840F4005008900FE09DF81500000703
:10218000002805D5FFE7089840F48040089003E058
:10219000099800F01FFCFFE7FFE7FFE7FFE79DF866
:1021A0001600C00760B3FFE7099801684FF480305C
:1021B00088609DF816008007002804D5FFE709987D
:1021C00000F014FC1BE09DF816004007002805D520
:1021D000FFE7089840F4004008900FE09DF81600D3
:1021E0000007002805D5FFE7089840F480300890E4
:1021F00003E0099800F0F6FBFFE7FFE7FFE7FFE7E2
:10220000FFE79DF81C000007002810D5FFE79DF8A8
:102210001000C006002809D5FFE7089840F40070B8
:102220000890099801681020C860FFE7FFE79DF853
:102230001C00400700280FD5FFE79DF8100000079D
:10224000002808D5FFE7099801680820C8600998A8
:1022500000F0E2FAFFE7FFE79DF81C008007002886
:102260000BD5FFE709980068C068800720B1FFE739
:10227000099800F0D5FAFFE7FFE79DF81C0040063B
:10228000002810D5FFE79DF80C00C006002809D5EE
:10229000FFE7089840F480600890099801681020D2
:1022A0000861FFE7FFE79DF81C00800600280FD5B6
:1022B000FFE79DF80C000007002808D5FFE7099804
:1022C000016808200861099800F0EAFAFFE7FFE7D3
:1022D0009DF81C00C00600280BD5FFE70998006890
:1022E0000069800720B1FFE7099800F0DDFAFFE7F9
:1022F000FFE79DF81E00800700280FD5FFE79DF837
:102300001800C006002808D5FFE7099801681020CA
:102310004860099800F00CFBFFE7FFE79DF81E00FE
:10232000C00778B1FFE79DF818000007002808D51E
:10233000FFE70998016808204860099800F05AFBF7
:10234000FFE7FFE79DF81D000006002840F18D80A3
:10235000FFE79DF818004007002840F18180FFE763
:102360009DF81D00C00750B1FFE79DF80800C007A9
:1023700028B1FFE7089840F001000890FFE79DF8BA
:102380001D00800700280BD5FFE79DF80800800797
:10239000002805D5FFE7089840F002000890FFE705
:1023A0009DF81D00400700280BD5FFE79DF80800A9
:1023B0004007002805D5FFE7089840F00400089082
:1023C000FFE79DF81D000007002848D5FFE79DF8AE
:1023D000080010F0700F42D0FFE7029800F0700084
:1023E00001460191102814D0FFE70198202815D04C
:1023F000FFE70198302816D0FFE70198402817D052
:10240000FFE70198502818D0FFE70198602819D0FD
:102410001DE0089840F00800089019E0089840F086
:102420001000089014E0089840F0200008900FE099
:10243000089840F0400008900AE0089840F08000BA
:10244000089005E0089840F48070089000E0FFE7ED
:1024500009980168886920F070008861FFE7FFE74C
:102460000998016804204860FFE7089848B1FFE731
:10247000089A0999486A104348620998FFF7FCFCDA
:10248000FFE70AB080BD000080B584B002900298DA
:1024900020B9FFE701208DF80F00E0E0029890F8E6
:1024A000200020B9FFE7029800F0DEF8FFE702986D
:1024B0000168086840F00100086000F0F7FF019033
:1024C000FFE7029800684068C007A8B9FFE700F07E
:1024D000EDFF0199401A0B280DD3FFE70299486AD6
:1024E00040F4003048620299052081F82000012064
:1024F0008DF80F00B3E0E4E702980168086820F067
:102500000200086000F0D2FF0190FFE70298006827
:1025100040688007002815D5FFE700F0C7FF019944
:10252000401A0B280DD3FFE70299486A40F40030A7
:1025300048620299052081F8200001208DF80F00E3
:102540008DE0E3E70298007E012807D1FFE70298BB
:102550000168086840F08000086006E002980168A1
:10256000086820F080000860FFE70298407E01289C
:1025700007D1FFE702980168086840F04000086052
:1025800006E002980168086820F040000860FFE754
:102590000298807E012807D1FFE702980168086849
:1025A00040F02000086006E002980168086820F00A
:1025B00020000860FFE70298C07E012807D1FFE7EE
:1025C00002980168086820F01000086006E0029890
:1025D0000168086840F010000860FFE70298007F7B
:1025E000012807D1FFE702980168086840F0080059
:1025F000086006E002980168086820F0080008609A
:10260000FFE70298407F012807D1FFE702980168A1
:10261000086840F00400086006E002980168086855
:1026200020F004000860FFE7029B19685A68986868
:10263000D3F80CC040EA0C00D3F810C040EA0C00FC
:102640005B691843013A1043C8610299002048624F
:10265000029A012182F820108DF80F00FFE79DF803
:102660000F0004B080BD000080B594B0139000202E
:102670001290119010900F900E901398006846F2EF
:102680000041C4F20001884254D1FFE740F2947047
:10269000C2F200000168013101600068012812D116
:1026A000FFE7FFE700200D9043F64000C4F2020070
:1026B000016841F000710160006800F000700D9049
:1026C0000D98FFE7FFE7FFE700200C9043F630008E
:1026D000C4F20200016841F001010160006800F0ED
:1026E00001000C900C98FFE74FF4C0500E900220B0
:1026F0000F90002007901090032011900920129055
:102700000020C4F202000EA900F0DCFC079A14209D
:1027100005900521069100F09DFF059800F090FFBF
:102720000699079A1520089000F094FF089800F089
:1027300087FF6EE01398006846F60001C4F20001BE
:10274000884265D1FFE7FFE700200B9043F6400089
:10275000C4F20200016841F080610160006800F08D
:1027600080600B900B98FFE740F29470C2F200007B
:102770000168013101600068012812D1FFE7FFE71D
:1027800000200A9043F64000C4F20200016841F0C4
:1027900000710160006800F000700A900A98FFE77D
:1027A000FFE7FFE70020099043F63000C4F2020083
:1027B000016841F002010160006800F00200099028
:1027C0000998FFE760200E9002200F9000200390F0
:1027D0001090032011900920129040F20040C4F2A2
:1027E00002000EA900F06EFC039A40200190052122
:1027F000029100F02FFF019800F022FF0299039A46
:102800004120049000F026FF049800F019FFFFE734
:10281000FFE714B080BD000081B0009001B07047A8
:1028200070B58EB00D900D98006846F20041C4F26C
:10283000000188421ED1FFE70D98002106AA04ABD3
:10284000FFF71EFBA8B9FFE706980799089A099BAE
:10285000DDF828C00B9C0C9DEE4604AECEF80C6053
:10286000CEF80850CEF80440CEF800C0FEF756FD72
:10287000FFE713E00D98006846F60001C4F200017E
:1028800088420AD1FFE70D98002106AA04ABFFF7A2
:10289000F7FA08B9FFE7FFE7FFE7FFE70EB070BD03
:1028A00081B0009001B0704770B590B00F900F9854
:1028B000006846F20041C4F2000188420AD1FFE7F5
:1028C0000F98012108AA06ABFFF7DAFA08B9FFE76B
:1028D000FFE72AE00F98006846F60001C4F2000105
:1028E000884221D1FFE70F98012108AA06ABFFF724
:1028F000C7FAC0B9FFE7089809990A9A0B9BDDF857
:1029000030C00D9C0E9DEE460126CEF8106006AE3E
:10291000CEF80C60CEF80850CEF80440CEF800C0D7
:1029200004F0E4FDFFE7FFE7FFE710B070BD000033
:1029300081B0009001B0704780B584B002900298D9
:1029400090F8200001282FD1FFE70299022081F89A
:10295000200002980168086820F00100086000F07B
:10296000A5FD0190FFE7029800684068C007A8B184
:10297000FFE700F09BFD0199401A0B280DD3FFE7FC
:102980000299486A40F4003048620299052081F8B3
:10299000200001208DF80F000FE0E4E702990020ED
:1029A00048628DF80F0008E00299486A40F4002060
:1029B000486201208DF80F00FFE79DF80F0004B07A
:1029C00080BD000081B0009001B0704781B00090E0
:1029D00001B0704781B0009001B0704781B00090A5
:1029E00001B0704781B0009001B0704781B0009095
:1029F00001B0704781B0009001B0704780B584B0DD
:102A000002900298806D019000F050FD00900298B5
:102A100090F8350002280DD0FFE702998020486524
:102A2000FFE70299002081F83400FFE701208DF8CC
:102A30000F0055E002980168086820F01600086051
:102A400002980168486920F0800048610298006C93
:102A500020B9FFE70298806C38B1FFE7029801685F
:102A6000086820F008000860FFE70298016808681D
:102A700020F001000860FFE7029800680068C007C6
:102A8000C8B1FFE700F012FD0099401A062811D3E3
:102A9000FFE70299202048650299032081F835005C
:102AA000FFE70299002081F83400FFE703208DF84A
:102AB0000F0015E0E0E70298C16D3F2088400199C2
:102AC00088600299012081F83500FFE70299002013
:102AD00081F83400FFE7FFE700208DF80F00FFE7E3
:102AE0009DF80F0004B080BD82B00090009890F86F
:102AF0003500022807D0FFE70099802048650120B3
:102B00008DF807000EE00099052081F83500009847
:102B10000168086820F001000860FFE700208DF8D8
:102B20000700FFE79DF8070002B0704780B586B048
:102B300005900020039040F25400C2F200000068AB
:102B400048F2B511C1F64E31A0FB0110800A029087
:102B50000598806D0190019800680490049805998B
:102B6000C96DC840000700281AD5FFE7059800681E
:102B700000684007002812D5FFE70598016808683B
:102B800020F0040008600598C16D08208840019974
:102B900088600599486D40F001004865FFE7FFE750
:102BA00004980599C96DC840C007A0B1FFE7059812
:102BB00000684069000600280CD5FFE70598C16D44
:102BC00001208840019988600599486D40F0020015
:102BD0004865FFE7FFE704980599C96DC8404007BD
:102BE000002814D5FFE705980068006880070028D2
:102BF0000CD5FFE70598C16D0420884001998860D5
:102C00000599486D40F004004865FFE7FFE7049828
:102C10000599C96DC840C006002847D5FFE705984B
:102C200000680068000700283FD5FFE70598C16DE0
:102C3000102088400199886005980068006840036A
:102C400000281AD5FFE705980068006800030028EF
:102C500009D4FFE70598006C20B1FFE70598016CE7
:102C60008847FFE708E00598806C20B1FFE70598EA
:102C7000816C8847FFE7FFE716E005980068006869
:102C8000C005002807D4FFE705980168086820F010
:102C900008000860FFE70598006C20B1FFE7059881
:102CA000016C8847FFE7FFE7FFE7FFE70498059916
:102CB000C96DC8408006002840F18D80FFE7059867
:102CC00000680068C006002840F18480FFE705988E
:102CD000C16D2020884001998860059890F83500E2
:102CE000052834D1FFE705980168086820F0160030
:102CF000086005980168486920F0800048610598DF
:102D0000006C20B9FFE70598806C38B1FFE70598A3
:102D10000168086820F008000860FFE70598C16DA9
:102D20003F208840019988600599012081F835008D
:102D3000FFE70599002081F83400FFE70598006D52
:102D400020B1FFE70598016D8847FFE77BE0059814
:102D500000680068400300281AD5FFE7059800685E
:102D600000680003002809D4FFE70598406C20B1F3
:102D7000FFE70598416C8847FFE708E00598C06BBE
:102D800020B1FFE70598C16B8847FFE7FFE720E028
:102D9000059800680068C005002811D4FFE7059871
:102DA0000168086820F0100008600599012081F88A
:102DB0003500FFE70599002081F83400FFE7FFE7C1
:102DC0000598C06B20B1FFE70598C16B8847FFE706
:102DD000FFE7FFE7FFE70598406DA0B3FFE7059821
:102DE000406DC00730B3FFE70599052081F8350035
:102DF00005980168086820F001000860FFE7039863
:102E0000013003900299884201D9FFE707E0FFE70C
:102E1000059800680068C0070028F0D1FFE7059911
:102E2000012081F83500FFE70599002081F8340082
:102E3000FFE7FFE70598C06C20B1FFE70598C16C7C
:102E40008847FFE7FFE706B080BD000080B586B089
:102E500004900020039000F029FB0290049820B910
:102E6000FFE701208DF81700A3E00498406A08B13D
:102E7000FFE7FFE70499022081F83500FFE7049996
:102E8000002081F83400FFE704980168086820F00A
:102E900001000860FFE7049800680068C00790B16F
:102EA000FFE700F003FB0299401A06280AD3FFE768
:102EB0000499202048650499032081F835008DF895
:102EC000170076E0E7E7049800680068039003982D
:102ED00048F23F01CFF2100108400390049900919D
:102EE0004868D1F808C0CB680A6940EA0C0018436A
:102EF00010434A6910438A691043CA691043096A3A
:102F000001430398084303900498406A042808D1B9
:102F1000FFE70499C86A096B0143039808430390CB
:102F2000FFE70398049909680860049800684069FD
:102F30000390039820F0070003900498416A0398D7
:102F4000084303900498406A04281AD1FFE70498C4
:102F5000816A0398084303900498C06A80B1FFE730
:102F60000498FEF705FC50B1FFE70499402048653E
:102F70000499012081F835008DF8170019E0FFE76A
:102F8000FFE703980499096848610498FEF7C4FBB9
:102F900001900498C16D3F20884001998860049990
:102FA00000204865049A012182F835108DF8170039
:102FB000FFE79DF8170006B080BD000080B588B01F
:102FC000069005910492039300208DF80B0006985B
:102FD000806D0190FFE7069890F83400012804D135
:102FE000FFE702208DF81F0045E00699012081F8D7
:102FF0003400FFE7FFE7069890F8350001282BD151
:10300000FFE70699022081F83500069900204865FF
:1030100006980599049A039BFEF722FC0698C16D59
:103020003F2088400199886006980168086840F050
:10303000160008600698006C38B1FFE70698016832
:10304000086840F008000860FFE706980168086813
:1030500040F00100086009E0FFE70699002081F8D0
:103060003400FFE702208DF80B00FFE79DF80B000E
:103070008DF81F00FFE79DF81F0008B080BD00001D
:1030800080B584B0039000F011FA0290039801908B
:103090000198013048B1FFE740F2A400C2F20000FD
:1030A0000178019808440190FFE7FFE700F0FEF97E
:1030B0000299401A0199884201D2FFE7F6E704B06D
:1030C00080BD00008EB00D900C9100200A900990F8
:1030D00008900B90FFE70B980F2800F2CC81FFE7D8
:1030E0000B99012088400A900C9800680A990840C2
:1030F000099009980A99884240F0B881FFE70C9836
:10310000406800F00300012807D0FFE70C984068F2
:1031100000F0030002282FD1FFE70D988068089087
:103120000B984100032000FA01F1089888430890A9
:103130000C98C0680B99490000FA01F108980843FF
:10314000089008980D9988600D98406808900B9930
:10315000012000FA01F10898884308900C98406813
:10316000C0F300100B9900FA01F108980843089089
:1031700008980D994860FFE70C98406800F003003C
:10318000032818D0FFE70D98C06808900B984100FD
:10319000032000FA01F10898884308900C98806891
:1031A0000B99490000FA01F1089808430890089823
:1031B0000D99C860FFE70C98406800F003000228F2
:1031C00026D1FFE70D980B996FF0030202EA510137
:1031D0000844006A08900B9800F0070081000F2057
:1031E00000FA01F10898884308900C9800690B993F
:1031F00001F00701890000FA01F1089808430890DE
:1032000008980D990B9B02EA530211440862FFE7EC
:103210000D98006808900B984100032000FA01F116
:103220000898884308900C98406800F003000B99B8
:10323000490000FA01F108980843089008980D9990
:1032400008600C9880798007002800F00E81FFE765
:10325000FFE70020079043F64400C4F20200016833
:1032600041F480410160006800F4804007900798B5
:10327000FFE70B9820F0030043F60801C4F20101B8
:10328000405808900B9800F0030081000F2000FACE
:1032900001F10898884308900D980021C4F20201BA
:1032A000884203D1FFE7002006905EE00D9840F2CF
:1032B0000041C4F20201884203D1FFE701200590DA
:1032C00050E00D9840F60001C4F20201884203D19B
:1032D000FFE70220049042E00D9840F60041C4F25E
:1032E0000201884203D1FFE70320039034E00D98E8
:1032F00041F20001C4F20201884203D1FFE7042039
:10330000029026E00D9841F20041C4F20201884289
:1033100003D1FFE70520019018E00D9841F6000168
:10332000C4F20201884203D1FFE7062000900AE0C0
:103330000D9941F60042C4F202020820914208BFF2
:1033400007200090FFE700980190FFE701980290A6
:10335000FFE702980390FFE703980490FFE70498C3
:103360000590FFE705980690FFE70698C0B20B9915
:1033700001F00301890000FA01F108980843089060
:1033800008980B9921F0030143F60802C4F20102E8
:10339000885043F60840C4F201000068089009997B
:1033A0000898884308900C988079C006002805D5B5
:1033B000FFE70999089808430890FFE7089843F643
:1033C0000841C4F20101086043F60C40C4F2010058
:1033D0000068089009990898884308900C988079AB
:1033E0008006002805D5FFE709990898084308904A
:1033F000FFE7089843F60C41C4F20101086043F668
:103400000440C4F2010000680890099908988843B4
:1034100008900C9880798007002805D5FFE7099966
:10342000089808430890FFE7089843F60441C4F25F
:103430000101086043F60040C4F2010000680890F2
:1034400009990898884308900C988079C00728B19A
:10345000FFE70999089808430890FFE7089843F6A2
:103460000041C4F201010860FFE7FFE7FFE70B98A6
:1034700001300B902FE60EB07047000082B0019033
:10348000ADF802108DF801209DF8010028B1FFE78A
:10349000BDF802000199886105E0BDF80200000452
:1034A00001998861FFE702B07047000045F21420DF
:1034B000C2F200000068704740F2A400C2F20000AF
:1034C000027845F21421C2F2000108681044086035
:1034D0007047000080B543F60041C4F2020108685D
:1034E00040F400700860086840F480600860086874
:1034F00040F480700860032000F0C6F80F2000F050
:1035000005F800F071F8002080BD000080B58CB097
:103510000B90002005900490FFE70020019043F6F7
:103520004400C4F20200016841F00101016000683A
:1035300000F0010001900198FFE706A803A900F040
:10354000DDF900F01DFA4000059005984DF6836105
:10355000C4F21B31A0FB01014FF0FF3000EB9140A2
:10356000049040F6DC60C2F200000021C4F20101C8
:10357000016040F2E731C1600499416000210161BE
:103580008160816100F07CFE8DF80B009DF80B00DE
:1035900028BBFFE740F6DC60C2F2000000F00AFF43
:1035A0008DF80B009DF80B00C0B9FFE7192000F063
:1035B00047F80B980F280CD8FFE70B991920002229
:1035C00000F048F80B9840F2A801C2F20001086030
:1035D00003E001208DF80B00FFE7FFE7FFE79DF810
:1035E0000B000CB080BD000080B582B0FFE700206A
:1035F000019043F64400C4F20200016841F48041A6
:103600000160006800F4804001900198FFE7FFE747
:103610000020009043F64000C4F20200016841F02F
:1036200080510160006800F0805000900098FFE732
:103630006FF001000F21002200F00CF802B080BDF5
:1036400080B582B08DF807009DF9070004F0EAFA12
:1036500002B080BD80B586B08DF81700049103924A
:103660000020029004F0F6FA02909DF917000190F4
:1036700002980499039A02F05BF90146019804F05C
:10368000F1FA06B080BD000080B582B001900198CB
:1036900004F02CFB02B080BD80B584B00290019193
:1036A000029820B9FFE701208DF80F0021E1019871
:1036B00043F60041C4F20201096801F007018842A3
:1036C00012D9FFE7019943F60040C4F202000170ED
:1036D000006800F007000199884204D0FFE701204C
:1036E0008DF80F0005E1FFE70298007880070028B9
:1036F0002AD5FFE7029800784007002809D5FFE7A0
:1037000043F60801C4F20201086840F4E050086082
:10371000FFE7029800780007002809D5FFE743F685
:103720000801C4F20201086840F460400860FFE745
:1037300043F60801C4F20201086820F0F000029A82
:10374000926810430860FFE702980078C0070028DD
:103750006ED0FFE702984068012811D1FFE743F6D9
:103760000000C4F20200006800F400310020B0EB59
:10377000514F04D1FFE701208DF80F00B9E02CE094
:1037800002984068022805D0FFE7029840680328A5
:1037900011D1FFE743F60000C4F20200006800F018
:1037A00000710020B0EB516F04D1FFE701208DF8CC
:1037B0000F009EE010E043F60000C4F20200006833
:1037C00000F002010020B0EB510F04D1FFE701200F
:1037D0008DF80F008DE0FFE7FFE743F60801C4F224
:1037E0000201086820F00300029A52681043086042
:1037F000FFF75CFE0090FFE743F60800C4F202000A
:10380000006800F00C0002994968B0EB810F0ED0FF
:10381000FFE7FFF74BFE0099401A41F289318842D9
:1038200004D3FFE703208DF80F0062E0E4E7FFE731
:10383000019843F60041C4F20201096801F0070152
:10384000884212D2FFE7019943F60040C4F2020019
:103850000170006800F007000199884204D0FFE77A
:1038600001208DF80F0044E0FFE702980078400740
:1038700000280CD5FFE743F60801C4F202010868EE
:1038800020F4E050029AD26810430860FFE70298E3
:103890000078000700280DD5FFE743F60801C4F2C1
:1038A0000201086820F46040029A126940EAC200EE
:1038B0000860FFE700F076F843F60801C4F2020161
:1038C0000968C9B20A094BF21C01C0F60001895C03
:1038D000C84040F25401C2F20001086040F2A80062
:1038E000C2F200000068FFF711FE00208DF80F0003
:1038F000FFE79DF80F0004B080BD000082B001908A
:10390000009101990F20086043F60800C4F20200FC
:10391000016801F00301019A5160016801F0F001B2
:10392000019A9160016801F4E051019AD160006848
:1039300000F46040C0080199086143F60040C4F2F9
:103940000200006800F007000099086002B07047AC
:1039500040F25400C2F200000068704780B5FFF7E3
:10396000F7FF43F60801C4F202010968C1F382229D
:103970004BF22C01C0F60001895CC84080BD0000FC
:1039800080B5FFF7E5FF43F60801C4F202010968BC
:1039900089B24A0B4BF22C01C0F60001895CC84089
:1039A00080BD000080B586B0002005900490039093
:1039B000029043F60800C4F20200006800F00C0018
:1039C0000146019140B1FFE7019804280AD0FFE7C2
:1039D000019808280CD04FE042F20040C0F2F400F9
:1039E00002904FE047F64000C0F27D10029049E09F
:1039F00043F60400C4F20200016801F03F010591A2
:103A000000684002002813D5FFE743F60400C4F223
:103A100002000068C0F3881047F64001C0F27D1133
:103A2000A0FB0101059A0023FCF71EFC049012E0A4
:103A300043F60400C4F202000068C0F3881042F2AA
:103A40000041C0F2F401A0FB0101059A0023FCF73C
:103A50000BFC0490FFE743F60400C4F20200006888
:103A600000F44031022000EBD13003900498039918
:103A7000B0FBF1F0029005E042F20040C0F2F40029
:103A80000290FFE7029806B080BD000080B586B0C6
:103A90000490049820B9FFE701208DF8170050E347
:103AA00004980078C007002800F0A580FFE743F6DF
:103AB0000800C4F20200006800F00C00042813D0D3
:103AC000FFE743F60800C4F20200006800F00C00B3
:103AD00008281ED1FFE743F60400C4F20200006884
:103AE0004002002815D5FFE743F60000C4F20200AB
:103AF000006800F400310020B0EB514F08D0FFE720
:103B00000498406820B9FFE701208DF8170018E3FA
:103B100070E0FFE704984068B0F5803F09D1FFE707
:103B200043F60001C4F20201086840F480300860E6
:103B300020E004984068B0F5A02F0DD1FFE743F6D0
:103B40000001C4F20201086840F48020086008689F
:103B500040F4803008600CE043F60001C4F202013A
:103B6000086820F480300860086820F4802008602D
:103B7000FFE7FFE7FFE704984068E8B1FFE7FFF7DA
:103B800095FC0390FFE743F60000C4F202000068D2
:103B900000F400310020B0EB514F0CD1FFE7FFF7EC
:103BA00085FC0399401A652804D3FFE703208DF8AC
:103BB0001700C6E2E7E71CE0FFF778FC0390FFE799
:103BC00043F60000C4F20200006800F40031002057
:103BD000B0EB514F0CD0FFE7FFF768FC0399401A98
:103BE000652804D3FFE703208DF81700A9E2E7E773
:103BF000FFE7FFE7FFE7049800788007002840F11F
:103C00009680FFE743F60800C4F20200006810F057
:103C10000C0F13D0FFE743F60800C4F2020000685F
:103C200000F00C0008282CD1FFE743F60400C4F292
:103C3000020000684002002823D4FFE743F600009A
:103C4000C4F20200006800F002010020B0EB510F46
:103C500009D0FFE70498C068012804D0FFE70120DD
:103C60008DF817006DE243F60001C4F20201086806
:103C700020F0F800049A126940EAC2000860FFE7E9
:103C800054E00498C06870B3FFE70021C4F24721F4
:103C900001200860FFF70AFC0390FFE743F60000ED
:103CA000C4F20200006800F002010020B0EB510FE6
:103CB0000CD1FFE7FFF7FAFB0399401A032804D35E
:103CC000FFE703208DF817003BE2E7E743F600012A
:103CD000C4F20201086820F0F800049A126940EA70
:103CE000C200086021E00021C4F2472100200860E2
:103CF000FFF7DCFB0390FFE743F60000C4F202008D
:103D0000006800F002010020B0EB510F0CD0FFE77B
:103D1000FFF7CCFB0399401A032804D3FFE70320E5
:103D20008DF817000DE2E7E7FFE7FFE7FFE70498EC
:103D30000078000700284BD5FFE70498406918B3C6
:103D4000FFE740F68061C4F2472101200860FFF7D9
:103D5000ADFB0390FFE743F67400C4F20200006875
:103D600000F002010020B0EB510F0CD1FFE7FFF78C
:103D70009DFB0399401A032804D3FFE703208DF825
:103D80001700DEE1E7E722E040F68061C4F2472158
:103D900000200860FFF78AFB0390FFE743F67400FA
:103DA000C4F20200006800F002010020B0EB510FE5
:103DB0000CD0FFE7FFF77AFB0399401A032804D3DE
:103DC000FFE703208DF81700BBE1E7E7FFE7FFE718
:103DD000049800784007002840F1CE80FFE70020DB
:103DE0008DF8070043F64000C4F202000068C000EE
:103DF000002815D4FFE7FFE70020009043F64000BD
:103E0000C4F20200016841F080510160006800F0D6
:103E1000805000900098FFE701208DF80700FFE731
:103E200047F20000C4F200000068C005002822D458
:103E3000FFE747F20001C4F20001086840F4807017
:103E40000860FFF733FB0390FFE747F20000C4F27E
:103E500000000068C00500280CD4FFE7FFF726FB30
:103E60000399401A032804D3FFE703208DF81700B5
:103E700067E1EAE7FFE7FFE704988068012809D1D6
:103E8000FFE743F67001C4F20201086840F0010048
:103E900008601FE00498806805280DD1FFE743F60D
:103EA0007001C4F20201086840F00400086008686C
:103EB00040F0010008600CE043F67001C4F202011A
:103EC000086820F001000860086820F0040008601D
:103ED000FFE7FFE7FFE704988068F8B1FFE7FFF727
:103EE000E5FA0390FFE743F67000C4F202000068B1
:103EF00000F002010020B0EB510F0ED1FFE7FFF7F9
:103F0000D5FA0399401A41F28931884204D3FFE778
:103F100003208DF8170014E1E5E71EE0FFF7C6FA6D
:103F20000390FFE743F67000C4F20200006800F05F
:103F300002010020B0EB510F0ED0FFE7FFF7B6FAF9
:103F40000399401A41F28931884204D3FFE70320E4
:103F50008DF81700F5E0E5E7FFE79DF80700012879
:103F600009D1FFE743F64001C4F20201086820F0DE
:103F700080500860FFE7FFE704988069002800F0A0
:103F8000DC80FFE743F60800C4F20200006800F09E
:103F90000C00082800F08580FFE70498806902285B
:103FA0005CD1FFE76021C4F2472100200860FFF7E1
:103FB0007DFA0390FFE743F60000C4F202000068B8
:103FC00000F000710020B0EB516F0CD0FFE7FFF75D
:103FD0006DFA0399401A032804D3FFE703208DF8F4
:103FE0001700AEE0E7E70499C869D1F820C04B6A32
:103FF0008A6A40EA0C0040EA8310D2034FF6FF734E
:104000009A43A2F580321043C96A40EA016043F640
:104010000401C4F2020108606021C4F247210120BA
:104020000860FFF743FA0390FFE743F60000C4F28D
:104030000200006800F000710020B0EB516F0CD15D
:10404000FFE7FFF733FA0399401A032804D3FFE789
:1040500003208DF8170074E0E7E721E06021C4F247
:10406000472100200860FFF721FA0390FFE743F69D
:104070000000C4F20200006800F000710020B0EB04
:10408000516F0CD0FFE7FFF711FA0399401A03288C
:1040900004D3FFE703208DF8170052E0E7E7FFE7BE
:1040A0004AE004988069012804D1FFE701208DF8D7
:1040B000170046E043F60400C4F2020000680290D4
:1040C00004988069012831D0FFE7029800F480004D
:1040D0000499C969884229D1FFE7029800F03F009E
:1040E0000499096A884221D1FFE7029847F6C07116
:1040F00008400499496AB0EB811F17D1FFE7029885
:1041000000F440300499896AC9034FF6FF72914365
:10411000A1F58031884209D1FFE7029800F0706074
:104120000499C96AB0EB016F04D0FFE701208DF854
:10413000170006E0FFE7FFE7FFE700208DF8170014
:10414000FFE79DF8170006B080BD000081B0009029
:1041500001B0704781B0009001B0704785B0039006
:104160000291FFE7039890F83C00012804D1FFE793
:1041700002208DF813007EE00399012081F83C00B5
:10418000FFE7FFE70399022081F83D0003980068EC
:10419000406801900398006880680090019820F0C2
:1041A00070000190029801680198084301900198FD
:1041B000039909684860039800680021C4F201016E
:1041C00088423CD0FFE703980068B0F1804F36D0BA
:1041D000FFE70398006840F20041C4F20001884202
:1041E0002DD0FFE70398006840F60001C4F20001FB
:1041F000884224D0FFE70398006840F60041C4F2EB
:10420000000188421BD0FFE70398006840F200419C
:10421000C4F20101884212D0FFE70398006844F21B
:104220000001C4F20101884209D0FFE70398006849
:1042300041F60001C4F2000188420ED1FFE7009868
:1042400020F0800000900298416800980843009098
:104250000098039909688860FFE70399012081F8B5
:104260003D00FFE70399002081F83C00FFE70020B4
:104270008DF81300FFE79DF8130005B070470000AC
:1042800080B582B00090009820B9FFE701208DF83A
:1042900007003FE0009890F83D0040B9FFE7009923
:1042A000002081F83C00009800F038F8FFE7009902
:1042B000022081F83D00009951F8040B02F0F0F95A
:1042C0000099012081F84600FFE70099012081F85C
:1042D0003E00009981F83F00009981F84000009964
:1042E00081F84100FFE7FFE70099012081F84200D3
:1042F000009981F84300009981F84400009981F801
:104300004500FFE70099012081F83D0000208DF86D
:104310000700FFE79DF8070002B080BD80B586B0BA
:10432000059005980068B0F1804F1BD1FFE7FFE7CB
:104330000020049043F64000C4F20200016841F0FE
:1043400001010160006800F0010004900498FFE79B
:104350001C20029005210022FFF77CF90298FFF74C
:104360006FF924E00598006840F20041C4F20001B2
:1043700088421BD1FFE7FFE70020039043F640008F
:10438000C4F20200016841F002010160006800F01F
:10439000020003900398FFE71D20019005210022F1
:1043A000FFF758F90198FFF74BF9FFE7FFE706B071
:1043B00080BD000083B00190019890F83D00012875
:1043C00004D0FFE701208DF80B006AE0019902207C
:1043D00081F83D0001980168C86840F00100C8609C
:1043E000019800680021C4F2010188423CD0FFE737
:1043F00001980068B0F1804F36D0FFE7019800685F
:1044000040F20041C4F2000188422DD0FFE701983C
:10441000006840F60001C4F20001884224D0FFE7A2
:104420000198006840F60041C4F2000188421BD0A8
:10443000FFE70198006840F20041C4F201018842A0
:1044400012D0FFE70198006844F20001C4F20101B4
:10445000884209D0FFE70198006841F60001C4F2E4
:104460000001884212D1FFE701980068806800F0DF
:10447000070000900098062807D0FFE70198016820
:10448000086840F001000860FFE706E00198016855
:10449000086840F001000860FFE700208DF80B007D
:1044A000FFE79DF80B0003B07047000080B586B0B1
:1044B0000490039100208DF80B00FFE7049890F81A
:1044C0003C00012804D1FFE702208DF81700ABE083
:1044D0000499012081F83C00FFE7FFE704990220DE
:1044E00081F83D000498006880680190019820F0F0
:1044F00077000190019820F47F4001900198049981
:1045000009688860039800680090002872D0FFE76F
:10451000009810286ED0FFE7009820286AD0FFE7A7
:104520000098302866D0FFE70098402855D0FFE774
:104530000098502837D0FFE70098602840D0FFE768
:10454000009870280BD0FFE70098B0F5805F05D089
:10455000FFE70098B0F5005F16D052E055E00498F0
:104560000068039B5A689968DB6802F06BF904984D
:10457000006880680190019840F0770001900198F0
:1045800004990968886040E004980068039B5A68B1
:104590009968DB6802F056F904980168886840F46D
:1045A0008040886031E004980068039A5168D268BE
:1045B00002F0ACF904980068502102F05DF924E0A3
:1045C00004980068039A5168D26802F0C7F9049809
:1045D0000068602102F050F917E004980068039A1F
:1045E0005168D26802F092F904980068402102F004
:1045F00043F90AE0049800680399096802F03CF95D
:1046000003E001208DF80B00FFE70499012081F8F9
:104610003D00FFE70499002081F83C00FFE79DF88A
:104620000B008DF81700FFE79DF8170006B080BD5E
:1046300081B0009001B0704780B584B003900398BA
:104640000068C068029003980068006901909DF8B6
:1046500004008007002824D5FFE79DF808008007A4
:1046600000281DD5FFE7039801686FF0020008617C
:10467000039901200877039800688069800720B1BA
:10468000FFE70398FFF7D4FF06E0039800F0E2F895
:10469000039800F0E3F8FFE7039900200877FFE7AD
:1046A000FFE79DF804004007002825D5FFE79DF8A7
:1046B0000800400700281ED5FFE7039801686FF047
:1046C0000400086103990220087703980068806954
:1046D00010F4407F04D0FFE70398FFF7A9FF06E03E
:1046E000039800F0B7F8039800F0B8F8FFE70399D3
:1046F00000200877FFE7FFE79DF804000007002887
:1047000024D5FFE79DF80800000700281DD5FFE726
:10471000039801686FF00800086103990420087786
:1047200003980068C069800720B1FFE70398FFF78E
:104730007FFF06E0039800F08DF8039800F08EF8F4
:10474000FFE7039900200877FFE7FFE79DF80400E3
:10475000C006002825D5FFE79DF80800C006002800
:104760001ED5FFE7039801686FF0100008610399F8
:104770000820087703980068C06910F4407F04D0CF
:10478000FFE70398FFF754FF06E0039800F062F894
:10479000039800F063F8FFE7039900200877FFE72C
:1047A000FFE79DF80400C00778B1FFE79DF8080017
:1047B000C00748B1FFE7039801686FF00100086186
:1047C000039800F04FF8FFE7FFE79DF804000006AC
:1047D000002810D5FFE79DF808000006002809D53D
:1047E000FFE7039801686FF0800008610398FFF706
:1047F000ADFCFFE7FFE79DF804004006002810D558
:10480000FFE79DF808004006002809D5FFE7039858
:1048100001686FF040000861039800F037F8FFE787
:10482000FFE79DF804008006002810D5FFE79DF8FB
:1048300008008006002809D5FFE7039801686FF09B
:10484000200008610398FFF785FCFFE7FFE704B04D
:1048500080BD000081B0009001B0704781B0009031
:1048600001B0704780B582B00190019800680021C6
:10487000C4F20101884203D1FFE7FEF71DFEFFE706
:10488000019802F00FF802B080BD000081B00090E6
:1048900001B0704780B586B004900391ADF80A204E
:1048A000049890F84200202848D1FFE7039820B1EF
:1048B000FFE7BDF80A0020B9FFE701208DF81700D7
:1048C00040E004990120086304990020486304989B
:1048D0000399BDF80A2002F017FB8DF8090004982F
:1048E000006B012821D1FFE7FFE700200190049829
:1048F0000068006801900498006840680190019881
:10490000FFE7FFE7FFE70498006850E8030F40F077
:1049100010000090FFE700990498026842E8031035
:104920000028F0D1FFE7FFE703E001208DF8090040
:10493000FFE79DF809008DF8170003E002208DF8CD
:104940001700FFE79DF8170006B080BD80B582B064
:104950000190ADF802100198006841F20001C4F224
:10496000010188420CD1FFE740F6B470C2F20000AA
:1049700041F20961C2F200010122FFF78BFFFFE75C
:104980000198006844F20041C4F2000188420CD151
:10499000FFE740F6FC70C2F2000041F20A61C2F289
:1049A00000010522FFF776FFFFE702B080BD00009F
:1049B00080B582B001900198406C000700280ED5A8
:1049C000FFE7FFE700200090019800680068009072
:1049D00001980068406800900098FFE7FFE740F604
:1049E000FC70C2F2000041F20A61C2F2000105222D
:1049F00000F0F4FB02B080BD80B592B01190119828
:104A000000680068109011980068C0680F901198B5
:104A1000006840690E9000200D900C90109800F0F6
:104A20000F000D900D9888B9FFE79DF840008006B3
:104A300000280AD5FFE79DF83C008006002804D531
:104A4000FFE7119802F00EF902E2FFE70D98002847
:104A500000F0C280FFE79DF83800C00738B9FFE7D3
:104A6000BDF83C0010F4907F00F0B680FFE79DF8A1
:104A70004000C00758B1FFE79DF83D00C00730B1C6
:104A8000FFE71199486C40F001004864FFE79DF88A
:104A90004000400700280BD5FFE79DF83800C0070D
:104AA00030B1FFE71199486C40F002004864FFE71D
:104AB0009DF84000800700280BD5FFE79DF83800DF
:104AC000C00730B1FFE71199486C40F0040048641A
:104AD000FFE79DF840000007002811D5FFE79DF88B
:104AE0003C008006002805D4FFE79DF83800C00789
:104AF00030B1FFE71199486C40F008004864FFE7C7
:104B00001198406C002866D0FFE79DF840008006B1
:104B100000280AD5FFE79DF83C008006002804D550
:104B2000FFE7119802F09EF8FFE7119800684069CE
:104B3000C0F380100C901198406C0007002804D43A
:104B4000FFE70C9800283ED0FFE7119802F010F81C
:104B5000119800684069400600282FD5FFE7FFE75D
:104B6000FFE71198006850E8050F20F040000B9017
:104B7000FFE70B991198026842E805100028F0D170
:104B8000FFE7FFE71198C06B98B1FFE71198C16B81
:104B900046F6B110C0F6000008651198C06BFDF72D
:104BA000A3FF28B1FFE71198C06B016D8847FFE7AD
:104BB00003E01198FFF7FCFEFFE703E01198FFF711
:104BC000F7FEFFE706E01198FFF7F2FE11990020CB
:104BD0004864FFE7FFE73BE11198006B012840F0D4
:104BE0001781FFE79DF84000C006002840F11081C2
:104BF000FFE79DF83C00C006002840F10981FFE76F
:104C0000FFE700200A901198006800680A90119848
:104C1000006840680A900A98FFE7119800684069A8
:104C20004006002840F19A80FFE71198C06B0068A9
:104C30004068ADF82600BDF82600002875D0FFE7D3
:104C4000BDF826001199898D88426EDAFFE7BDF81C
:104C500026001199C8851198C06BC069B0F5807F96
:104C600058D0FFE7FFE7FFE71198006850E8030F0F
:104C700020F480700890FFE708991198026842E8D4
:104C800003100028F0D1FFE7FFE7FFE7FFE71198E7
:104C9000006850E8050F20F001000790FFE7079932
:104CA0001198026842E805100028F0D1FFE7FFE7FD
:104CB000FFE7FFE71198006850E8050F20F040007B
:104CC0000690FFE706991198026842E8051000284F
:104CD000F0D1FFE7FFE71199202081F842001199F8
:104CE00000200863FFE7FFE71198006850E8030F12
:104CF00020F010000590FFE705991198026842E83E
:104D000003100028F0D1FFE7FFE71198C06BFDF713
:104D100075FEFFE71199022048631198818DC28DBD
:104D2000891A89B2FFF712FE17E0BDF82600119923
:104D3000898D884210D1FFE71198C06BC069B0F52A
:104D4000807F08D1FFE71199022048631198818D77
:104D5000FFF7FCFDFFE7FFE7FFE779E01199888D9A
:104D6000C98D401AADF812001198C08D00284ED0A0
:104D7000FFE7BDF81200002849D0FFE7FFE7FFE793
:104D80001198006850E8030F20F490700390FFE73B
:104D900003991198026842E803100028F0D1FFE758
:104DA000FFE7FFE7FFE71198006850E8050F20F0E4
:104DB00001000290FFE702991198026842E805108D
:104DC0000028F0D1FFE7FFE71199202081F8420089
:104DD000119900200863FFE7FFE71198006850E889
:104DE000030F20F010000190FFE70199119802686D
:104DF00042E803100028F0D1FFE7FFE711990220F5
:104E000048631198BDF81210FFF7A0FDFFE71FE0FF
:104E10009DF84000000600280AD5FFE79DF83C00F9
:104E20000006002804D5FFE7119802F01DF90FE0F5
:104E30009DF84000400600280AD5FFE79DF83C0099
:104E40004006002804D5FFE7119801F0DBFEFFE7DC
:104E500012B080BD80B582B00090009820B9FFE705
:104E600001208DF8070040E00098806908B1FFE755
:104E700000E0FFE7009890F8410040B9FFE7009993
:104E8000002081F84000009800F034F8FFE7009916
:104E9000242081F8410000980168C86820F400507F
:104EA000C860009801F092FF00980168086920F43A
:104EB0009040086100980168486920F02A00486124
:104EC00000980168C86840F40050C860009900204C
:104ED0004864009A202182F84110009A82F842101A
:104EE000009948638DF80700FFE79DF8070002B0BE
:104EF00080BD000080B59EB01D9000201C901B90CE
:104F00001A90199018901D98006841F20001C4F29F
:104F10000101884240F0AC80FFE7FFE700201790D6
:104F200043F64400C4F20200016841F01001016040
:104F3000006800F0100017901798FFE7FFE70020C7
:104F4000169043F63000C4F20200016841F00101FE
:104F50000160006800F0010016901698FFE74FF41A
:104F60000070189002200C901990002012901A9056
:104F700003200D901B9007200E901C900020C4F27F
:104F800002000F9018A91091FEF79CF8DDF830C0D0
:104F90000D9B0E9A0F9810994FF4806ECDF844E057
:104FA000CDF860E0CDF864C04FF0010CCDF868C0DA
:104FB0001B931C92FEF786F8119A129940F65C50EA
:104FC000C2F20000139046F24043C4F202030360B1
:104FD0004FF0006343608160C160026141618161A3
:104FE000C16101624162FDF731FF18B1FFE7FCF7D3
:104FF0008DFDFFE7FFE71D9840F65C51C2F200010E
:10500000C1631D988863FFE740F6BC50C2F2000000
:105010000B9046F2B841C4F2020101604FF000610A
:105020004160402181600021C1604FF480620261D3
:1050300041618161C16101624162FDF707FF18B101
:10504000FFE7FCF763FDFFE7FFE71D9840F6BC5163
:10505000C2F2000181631D988863FFE725200A9052
:1050600005210022FEF7F6FA0A98FEF7E9FAB3E006
:105070001D98006844F20041C4F20001884240F0EB
:10508000AA80FFE7FFE70020159043F64000C4F236
:105090000200016841F400310160006800F4003052
:1050A00015901598FFE7FFE70020149043F63000B5
:1050B000C4F20200016841F001010160006800F0E3
:1050C000010014901498FFE7042018900220039028
:1050D0001990002008901A90032004901B9007203C
:1050E00005901C900020C4F20200069018A90791B8
:1050F000FDF7E8FFDDF80CC0049B059A06980799B8
:105100004FF0080ECDF860E0CDF864C04FF0010C10
:10511000CDF868C01B931C92FDF7D4FF089940F6A8
:105120001C60C2F20000099046F28802C4F202023A
:1051300002604FF0006242608160C1604FF48062A3
:10514000026141618161C16101624162FDF77EFEE0
:1051500018B1FFE7FCF7DAFCFFE7FFE71D9840F620
:105160001C61C2F20001C1631D988863FFE740F62D
:105170007C60C2F20000029046F2A001C4F202017B
:1051800001604FF000614160402181600021C160F9
:105190004FF48062026141618161C16101624162DB
:1051A000FDF754FE18B1FFE7FCF7B0FCFFE7FFE79F
:1051B0001D9840F67C61C2F2000181631D988863EE
:1051C000FFE72620019005210022FEF743FA01980F
:1051D000FEF736FAFFE7FFE71EB080BD80B584B06A
:1051E00002900191ADF80220029890F84200202828
:1051F00017D1FFE7019820B1FFE7BDF8020020B901
:10520000FFE701208DF80F000FE0029900200863EE
:1052100002980199BDF8022001F076FE8DF80F008A
:1052200003E002208DF80F00FFE79DF80F0004B0A7
:1052300080BD000080B582B001900198006841F205
:105240000001C4F20101884211D1FFE741F2096077
:10525000C2F2000000900078FCF72AFB009940F6AB
:10526000B470C2F200000122FFF7B8FFFFE7019817
:10527000006844F20041C4F2000188420CD1FFE70B
:1052800040F6FC70C2F2000041F20A61C2F2000175
:105290000522FFF7A3FFFFE702B080BD81B00090B9
:1052A00001B0704781B0009001B07047FFE7FEE7A2
:1052B00080B582B00190FFE700F002F8FCE7000043
:1052C00080B588B00020C4F2020006901021009141
:1052D00001220392FEF7D2F8C820079002F06CFD7D
:1052E0000099069800220592FEF7C8F8079802F088
:1052F00063FD039A069820210191FEF7BFF80798F5
:1053000002F05AFD0199059A0698FEF7B7F807983A
:1053100002F052FD039A069840210291FEF7AEF882
:10532000079802F049FD0299059A0698FEF7A6F83B
:10533000079802F041FD039A069880210491FEF738
:105340009DF8079802F038FD0499059A0698FEF733
:1053500095F8079802F030FD08B080BD80B58CB09C
:1053600040F60C50C2F20000019046F20041C4F237
:10537000000101600321416000218160C1604FF4A0
:10538000002202614FF4401242610176012242760E
:105390008276C27601774177FDF776F818B1FFE79C
:1053A000FCF7B4FBFFE701210A910E200B900020CF
:1053B000079009900891069044F22000029044F270
:1053C0004000049044F2600003904FF48140059047
:1053D00040F60C50C2F2000002A9FCF77DFC18B1A7
:1053E000FFE7FCF793FBFFE701210A910E200B90EA
:1053F0000791002009900890069102900490039074
:10540000059040F60C50C2F2000002A9FCF764FCC3
:1054100018B1FFE7FCF77AFBFFE740F60C50C2F249
:105420000000FDF789FA18B1FFE7FCF76FFBFFE713
:1054300040F60C50C2F200000221FCF777FB18B1D5
:10544000FFE7FCF763FBFFE740F60C50C2F20000F9
:105450001021FCF76BFB18B1FFE7FCF757FBFFE7E8
:105460000CB080BD80B58CB040F63450C2F2000064
:10547000019046F60001C4F2000101600321416081
:1054800000218160C1604FF4002202614FF440129C
:1054900042610176012242768276C27601774177B7
:1054A000FCF7F2FF18B1FFE7FCF730FBFFE7012143
:1054B0000A910E200B900790002009900891069009
:1054C00044F22000029044F24000049044F2600054
:1054D00003904FF48140059040F63450C2F2000032
:1054E00002A9FCF7F9FB18B1FFE7FCF70FFBFFE798
:1054F00001210A910E200B900F20079000200990A7
:1055000008900691029004900390059040F6345064
:10551000C2F2000002A9FCF7DFFB18B1FFE7FCF7BD
:10552000F5FAFFE740F63450C2F20000FDF704FA46
:1055300018B1FFE7FCF7EAFAFFE740F63450C2F291
:1055400000000221FCF7F2FA18B1FFE7FCF7DEFADF
:10555000FFE740F63450C2F200001021FCF7E6FAF3
:1055600018B1FFE7FCF7D2FAFFE70CB080BD0000EE
:1055700080B588B0FFE70020079043F63000C4F202
:105580000200016841F480010160006800F48000BD
:1055900007900798FFE7FFE70020069043F63000EA
:1055A000C4F20200016841F400110160006800F4D7
:1055B000001006900698FFE7102000900521039147
:1055C00000220492FEF746F80098FEF739F8039996
:1055D000049A11200190FEF73DF80198FEF730F88B
:1055E0000399049A3A200290FEF734F80298FEF7E5
:1055F00027F80399049A46200590FEF72BF80598A2
:10560000FEF71EF808B080BD80B582B045F2B1202B
:10561000C0F600004BF2A802C0F600020021019182
:1056200002F032FC019940F29C72C2F2000210605A
:1056300040F22150C0F600004BF23402C0F60002E6
:1056400002F022FC019940F21412C2F20002106032
:1056500040F67530C0F600004BF25802C0F600026A
:1056600002F012FC019940F29C32C2F2000210607A
:1056700040F6E130C0F600004BF27C02C0F60002BA
:1056800002F002FC40F2A431C2F20001086002B054
:1056900080BD000080B58CB000200B900A9009906E
:1056A00008900790FFE70020069043F63000C4F210
:1056B0000200016841F080010160006800F0800094
:1056C00006900698FFE7FFE70020059043F63000BC
:1056D000C4F20200016841F001010160006800F0BD
:1056E000010005900598FFE7FFE70020049043F6CE
:1056F0003000C4F20200016841F00201016000685C
:1057000000F0020004900498FFE70020C4F20200B9
:1057100003904FF4F871019100220292FDF7AEFE62
:10572000019A029903980792012208920222099293
:105730000A9107A9FDF7C6FC0CB080BD80B588B002
:105740000021019107910691059104910391029125
:1057500040F62470C2F200004FF0804202605322F3
:105760004260816040F2E732C26001618161FEF710
:1057700087FD18B1FFE7FCF7C9F9FFE74FF4805048
:10578000049040F62470C2F2000004A9FEF78EFED9
:1057900018B1FFE7FCF7BAF9FFE700200290039089
:1057A00040F62470C2F2000002A9FEF7D7FC18B13F
:1057B000FFE7FCF7ABF9FFE740F62470C2F2000008
:1057C000FEF7F8FD18B1FFE7FCF7A0F9FFE708B016
:1057D00080BD000080B588B000210191079106913D
:1057E000059104910391029140F66C70C2F20000A1
:1057F00040F20042C4F20002026053224260816023
:1058000040F2E732C26001618161FEF739FD18B1F3
:10581000FFE7FCF77BF9FFE74FF48050049040F678
:105820006C70C2F2000004A9FEF740FE18B1FFE759
:10583000FCF76CF9FFE700200290039040F66C70D3
:10584000C2F2000002A9FEF789FC18B1FFE7FCF7DD
:105850005DF9FFE740F66C70C2F20000FEF7AAFDAA
:1058600018B1FFE7FCF752F9FFE708B080BD000070
:1058700080B582B040F6B470C2F20000019041F2EF
:105880000001C4F2010101604FF4E13141600021E7
:105890008160C16001610C2242618161C161FFF7D9
:1058A000D9FA18B1FFE7FCF731F9FFE702B080BD84
:1058B00080B582B040F6FC70C2F20000019044F264
:1058C0000041C4F2000101604FF4E1314160002168
:1058D0008160C16001610C2242618161C161FFF799
:1058E000B9FA18B1FFE7FCF711F9FFE702B080BD84
:1058F000FFE7FEE780B540F2A830C2F2000040F2B8
:105900000C01C2F2000100F049F9FBF73FF980BD3C
:1059100081B08DED000A9DED000A9FED031A20EE87
:10592000010A01B0704700BF0000B443FFE7FEE783
:1059300088B0079006910592079800F00700049040
:105940000498C0F10700052803D3FFE70420019065
:1059500004E00498C0F107000190FFE7019803906C
:1059600004980430062803D8FFE70020009003E0E5
:10597000049803380090FFE7009802900698039976
:10598000012202FA01F101390840029B9840059971
:105990009A40013A1140084308B0704782B0019024
:1059A000019890ED030A019890ED041A30EE410A37
:1059B000019880ED050A019890F8240001460091B5
:1059C000D0B3FFE7009801286DD1FFE7019890ED73
:1059D000000A90ED051A019890ED062A31EE422A50
:1059E000019890ED011A90ED053A21EE031A20EE90
:1059F000020A30EE011A019890ED020A90ED052A94
:105A0000019890ED063A33EE033A32EE432A0198BC
:105A100090ED073A32EE032A20EE020A30EE010A38
:105A2000019880ED080A019880690199C861019880
:105A300040690199886137E0019890ED050A019865
:105A400090ED071AB6EE002A21EE021A20EE020AA5
:105A500030EE010A019880ED070A019890ED000AE6
:105A600090ED052A019890ED011A90ED073A21EE8C
:105A7000031A20EE020A30EE011A019890ED020A94
:105A800090ED052A019890ED063A32EE432A20EE79
:105A9000020A30EE010A019880ED080A0198406977
:105AA0000199886100E0FFE7019890ED080A02B0D3
:105AB0007047000080B586B002AA009202460098A6
:105AC000059280ED020AC0ED010A80ED001A8DF802
:105AD0000710049805990860039805994860029892
:105AE000059988609DF80700059981F824000598BC
:105AF00000F002F806B080BD81B00090009900204F
:105B0000C86000990861009948610099886100990E
:105B1000C8610099086201B07047000000000000F1
:105B2000EFF30980BFF36F8F154B1A681EF0100F4B
:105B300008BF20ED108A20E9F04F10602DE9090020
:105B40004FF0500080F31188BFF34F8FBFF36F8F7A
:105B500003F080FF4FF0000080F31188BDE80900DA
:105B600019680868B0E8F04F1EF0100F08BFB0ECDD
:105B7000108A80F30988BFF36F8F704700BF00BFA2
:105B80004C11002082B08DF803009DF803008DF8C1
:105B900004009DF8040002B07047000080B584B096
:105BA00002900191029818B1FFE7019820B9FFE730
:105BB0004FF0FF3003901AE002990020086002992C
:105BC00048600199029A91600299C860029908742C
:105BD0000298019900F0E6F80090009820B9FFE7DC
:105BE000029901200874FFE700980390FFE70398EB
:105BF00004B080BD80B586B004900391049870B164
:105C0000FFE70498007CC00748B1FFE704980068EC
:105C100028B1FFE704980068006820B9FFE74FF05B
:105C2000FF30059026E0039860B9FFE70020FFF7FA
:105C3000A9FF8DF804009DF804008DF8080002A863
:105C40000390FFE7049801680A6803999047009061
:105C5000009860B1FFE7009804990968884206D06F
:105C6000FFE70498009900F09DF8059002E00020FD
:105C70000590FFE7059806B080BD000080B588B0AC
:105C80000690059104920393069860B1FFE7069889
:105C9000007CC00738B1FFE7059820B1FFE7049802
:105CA000002804DCFFE74FF0FF30079077E003980F
:105CB00060B9FFE70020FFF765FF8DF804009DF84D
:105CC00004008DF8080002A80390FFE70020009070
:105CD000FFE70098049988425BDAFFE7059800998E
:105CE00001EB810150F8210000284DD0FFE7059815
:105CF000009901EB810150F821000699096888425A
:105D000042D1FFE70598009901EB810100EB81008A
:105D1000007903990978884236D1FFE70598009900
:105D200001EB810100EB8100C06868B1FFE70598D5
:105D3000009901EB810100EB8100C268069803998C
:105D4000904708B9FFE720E00598009901EB810131
:105D500000EB8100006958B1FFE70598009901EB5D
:105D6000810100EB81000269069803999047FFE7E3
:105D700006980599009A02EB820201EB820189687C
:105D800000F010F807900AE0FFE70098013000905B
:105D90009FE706980399FFF72DFF0790FFE7079805
:105DA00008B080BD80B58CB00A9009910A9838B1CE
:105DB000FFE7099820B1FFE70998006820B9FFE7DD
:105DC0004FF0FF300B9069E00A98006808900020BF
:105DD000049009980390FFE70398B8B1FFE704988F
:105DE000022804DCFFE70398006820B9FFE74FF0C2
:105DF000FF300B9052E00398049A511C049105A9BE
:105E000041F82200039840680390E5E70220FFF77D
:105E1000B9FE8DF8080008980390FFE7039870B169
:105E2000FFE70398006830B1FFE7039802680A981B
:105E300002A99047FFE7039840680390EEE701202E
:105E4000FFF7A0FE8DF80400049801380090FFE7EA
:105E50000098002815D4FFE7009905A850F8210004
:105E6000006848B1FFE7009905A850F821000268D2
:105E70000A9801A99047FFE7FFE7009801380090D2
:105E8000E6E708980A99486009980A990860FDF7BA
:105E90000DFB0A99C86000200B90FFE70B980CB02F
:105EA00080BD0000000000000000000000000000B5
:105EB000074B19680868B0E8F04F80F30988BFF312
:105EC0006F8F4FF0000080F31188704700BF00BF54
:105ED0004C11002080B56FF00400002101F0E4FEB9
:105EE00080BD000080B586B00490039103980078CF
:105EF00001460291012808D0FFE7029802280BD042
:105F0000FFE7029804280ED06DE040F2A031C2F203
:105F10000001042008706CE040F2A031C2F20001E0
:105F20000320087065E040F60850C2F200000078D7
:105F3000013801460191032853D80199DFE801F0A7
:105F400002103A3F40F28C30C2F20000806841F209
:105F50004401C2F2000191ED000AFAF7ADFC41E004
:105F600040F28C30C2F200000090406840F6F441EC
:105F7000C2F2000191ED030AFAF79EFC642001F0E1
:105F80001BFF0098006841F2D851C2F2000191ED68
:105F9000000AFAF791FC0098C06841F2C451C2F2BD
:105FA000000191ED000AFAF787FC0320012103F0BC
:105FB000B9F917E00320002103F0B4F912E040F230
:105FC0008C30C2F20000406840F6F441C2F2000199
:105FD00091ED040AFAF770FC0320012103F0A2F905
:105FE00000E0FFE705E00498039900F009F8059048
:105FF00002E000200590FFE7059806B080BD000094
:1060000080B584B002900191019800780138014672
:10601000009109284DD80099DFE801F0050C0D1317
:106020001B232B333B4340F2A031C2F2000103207B
:10603000087045E044E040F20C00C2F2000003901A
:1060400041E0029840F20001C2F20001FFF7AAFE0F
:1060500036E0029840F23001C2F20001FFF7A2FEE2
:106060002EE0029840F24801C2F20001FFF79AFECA
:1060700026E0029840F21801C2F20001FFF792FEFA
:106080001EE0029840F22401C2F20001FFF78AFEEE
:1060900016E0029840F25801C2F20001FFF782FEBA
:1060A0000EE0029840F23C01C2F20001FFF77AFED6
:1060B00006E040F2A031C2F2000103200870FFE7C1
:1060C00000200390FFE7039804B080BD80B586B040
:1060D000049003910398007801460291012808D0AA
:1060E000FFE70298022823D0FFE70298072826D06E
:1060F00026E040F2A031C2F200010720087040F211
:106100008C30C2F200000190026801215170426897
:10611000517082685170C2681170026802219170DA
:106120004268917082689170C168032048700DE0E8
:1061300040F2A031C2F200010320087006E005E041
:1061400004980399FFF75CFF059002E0002005909A
:10615000FFE7059806B080BD80B584B0029001913C
:106160000198007801460091012808D0FFE70098C7
:10617000022818D0FFE7009808281BD01BE040F247
:10618000A031C2F200010820087040F28C31C2F246
:1061900000010A68002050704A6850708A68507088
:1061A000C96808700DE040F2A031C2F2000103207E
:1061B000087006E005E002980199FFF721FF0390BF
:1061C00002E000200390FFE7039804B080BD0000C8
:1061D00080B588B006900591059800780146049135
:1061E000012808D0FFE7049802280BD0FFE70498A5
:1061F00005280ED084E040F2A031C2F20001052053
:10620000087083E040F2A031C2F200010320087060
:106210007CE041F24810C2F20000007801380146EB
:10622000039103286AD80399DFE801F00217254C8F
:106230000320002103F076F8642001F0BDFD40F258
:106240008C30C2F20000406840F6F441C2F2000116
:1062500091ED030AFAF730FB51E040F28C30C2F2C4
:106260000000806841F24401C2F2000191ED010A90
:10627000FAF722FB43E00320012103F053F840F238
:106280008C30C2F200000290406840F6F441C2F245
:10629000000191ED010AFAF70FFB0298006841F244
:1062A000D851C2F2000191ED010AFAF705FB0298FC
:1062B000C06841F2C451C2F2000191ED010AFAF73F
:1062C000FBFA1CE040F28C30C2F2000001908068C2
:1062D00041F24401C2F2000191ED000AFAF7ECFA32
:1062E000642001F069FD0198406840F6F441C2F273
:1062F000000191ED040AFAF7DFFA00E0FFE705E09C
:1063000006980599FFF77CFE079002E000200790B1
:10631000FFE7079808B080BD80B586B00390029172
:106320000298007801460191012808D0FFE7019802
:10633000022811D0FFE701980A2814D014E040F297
:10634000A031C2F200010A200870012005900598D2
:1063500080F3138801F0E8FC40F2A031C2F20001A2
:106360000320087006E005E003980299FFF748FE55
:10637000049002E000200490FFE7049806B080BD7E
:1063800080B586B00490039103980078014602918D
:10639000012808D0FFE7029802280BD0FFE70298F7
:1063A00006280ED0AFE040F2A031C2F20001062074
:1063B0000870AEE040F2A031C2F200010320087084
:1063C000A7E041F20860C2F20000007801380146FF
:1063D0000191072800F295800199DFE801F004128D
:1063E00020475C6A6F8440F28C30C2F20000406843
:1063F00040F6F441C2F2000191ED030AFAF75CFAAB
:1064000080E040F28C30C2F20000806841F244012A
:10641000C2F2000191ED020AFAF74EFA72E003208F
:10642000012102F07FFF40F28C30C2F200000090A8
:10643000406840F6F441C2F2000191ED020AFAF719
:106440003BFA0098006841F2D851C2F2000191ED88
:10645000020AFAF731FA0098C06841F2C451C2F258
:10646000000191ED020AFAF727FA4BE00320002120
:1064700002F058FF642001F09FFC40F28C30C2F221
:106480000000806841F24401C2F2000191ED030A6C
:10649000FAF712FA36E040F28C30C2F20000C0681F
:1064A00041F2C451C2F2000191ED030AFAF704FA75
:1064B00028E00320012102F035FF23E00320002122
:1064C00002F030FF642001F077FC40F28C30C2F221
:1064D0000000806841F24401C2F2000191ED000A1F
:1064E000FAF7EAF90EE040F28C30C2F200004068A0
:1064F00040F6F441C2F2000191ED040AFAF7DCF92A
:1065000000E0FFE705E004980399FFF779FD0590A7
:1065100002E000200590FFE7059806B080BD00006E
:1065200080B584B0029001910198007801460091F5
:10653000012808D0FFE7009802280BD0FFE7009859
:1065400009280ED00EE040F2A031C2F2000109206D
:1065500008700DE040F2A031C2F200010320087083
:1065600006E005E002980199FFF74AFD039002E07A
:1065700000200390FFE7039804B080BD80B54EF281
:106580001000CEF20000006804F040F8012803D0AB
:10659000FFE703F06FFBFFE780BD000080B594B01C
:1065A00008A83021F9F725FF0020079006900590F4
:1065B00004900390FFE70020029043F64000C4F2ED
:1065C0000200016841F080510160006800F08050D5
:1065D00002900298FFE7FFE70020019047F20000D9
:1065E000C4F20000016841F480410160006800F4D9
:1065F000804001900198FFE7012008904FF480301F
:10660000099002200E904FF480010F9119211091F2
:106610004FF4A871119112900420139008A8FDF76F
:1066200035FA18B1FFE7FBF771FAFFE70F20039087
:1066300002200490002005904FF4A05006904FF4E3
:106640008050079003A80521FDF726F818B1FFE751
:10665000FBF75CFAFFE714B080BD00004EF68851EE
:10666000CEF20001086840F4700008607047000036
:1066700080B540F6DC60C2F20000FDF7DDFF80BDB2
:1066800080B540F62470C2F20000FDF7D5FF80BD52
:1066900080B540F66C70C2F20000FDF7CDFF80BD02
:1066A00083B0029001910298006800900298002146
:1066B000C4F20101884225D0FFE70298B0F1804F73
:1066C00020D0FFE7029840F20041C4F20001884266
:1066D00018D0FFE7029840F60001C4F2000188429A
:1066E00010D0FFE7029840F60041C4F20001884252
:1066F00008D0FFE7029840F20041C4F2010188424D
:106700000AD1FFE7009820F07000009001984168DE
:10671000009808430090FFE702980021C4F20101AD
:10672000884255D0FFE70298B0F1804F50D0FFE784
:10673000029840F20041C4F20001884248D0FFE7CD
:10674000029840F60001C4F20001884240D0FFE701
:10675000029840F60041C4F20001884238D0FFE7B9
:10676000029840F20041C4F20101884230D0FFE7B4
:10677000029844F20001C4F20101884228D0FFE7E8
:10678000029844F20041C4F20101884220D0FFE7A0
:10679000029844F60001C4F20101884218D0FFE7D4
:1067A000029841F60001C4F20001884210D0FFE7D0
:1067B000029841F60041C4F20001884208D0FFE788
:1067C000029842F20001C4F2000188420AD1FFE7B8
:1067D000009820F4407000900198C1680098084328
:1067E0000090FFE7009820F0800001994969084374
:1067F0000090019880680299C86201980068029927
:10680000886202980021C4F20101884208D0FFE7A3
:10681000029840F20041C4F20101884205D1FFE72D
:106820000198006902990863FFE70299086840F03F
:1068300004000860029901204861009802990860EC
:1068400003B0704785B004900391029201930498BD
:1068500080680090009820F47F400090039802998F
:10686000019A41EA022101430098084300900098F0
:106870000499886005B0704783B002900191029836
:1068800080680090009820F07000009001980099B6
:10689000084340F00700009000980299886003B018
:1068A0007047000080B582B0019001980068B0F197
:1068B000804F1ED1FFE70120009000F04FFC0098B0
:1068C00000F04CFCFAF788FA40F63011C2F20001F1
:1068D000087801300870C0B2052809DBFFE740F6F0
:1068E0003011C2F200010020087000F0CBFCFFE77D
:1068F000FFE70198006840F20041C4F200018842BD
:1069000001D1FFE7FFE702B080BD000085B0049031
:10691000039102920498006A00900499086A20F09A
:1069200001000862049880690190019820F0F0004D
:1069300001900299019840EA01100190009820F01E
:106940000A00009003990098084300900198049968
:10695000886100980499086205B0704785B004907A
:10696000039102920498006A00900499086A20F04A
:1069700010000862049880690190019820F470402A
:1069800001900299019840EA01300190009820F0AE
:10699000A00000900399009840EA0110009001982F
:1069A0000499886100980499086205B07047000056
:1069B00080B582B001900198806B00900099002012
:1069C000C8850098FDF7F4FF02B080BD80B584B0A3
:1069D0000390002002900398806B0190019800685A
:1069E0004069C0B2C0090290019890F84100212886
:1069F0000AD1FFE7029838B1FFE701990020C88467
:106A0000019800F013F9FFE7019800684069C0F3AE
:106A100080100290019890F8420022280AD1FFE7E6
:106A2000029838B1FFE701990020C885019800F06D
:106A30009FF8FFE70199486C40F010004864019806
:106A4000FDF7B6FF04B080BD80B586B0059005980F
:106A5000806B0490059800680068C00500285AD42F
:106A6000FFE704990020C885FFE7FFE70498006866
:106A700050E8030F20F480700390FFE70399049817
:106A8000026842E803100028F0D1FFE7FFE7FFE7C4
:106A9000FFE70498006850E8050F20F0010002901D
:106AA000FFE702990498026842E805100028F0D137
:106AB000FFE7FFE7FFE7FFE70498006850E8050FEE
:106AC00020F040000190FFE701990498026842E835
:106AD00005100028F0D1FFE7FFE70499202081F896
:106AE00042000498006B012814D1FFE7FFE7FFE79D
:106AF0000498006850E8030F20F010000090FFE7B2
:106B000000990498026842E803100028F0D1FFE7DA
:106B1000FFE7FFE7FFE70499002048630498006B54
:106B2000012805D1FFE70498818DFDF70FFF03E0F1
:106B30000498FEF77FFBFFE706B080BD80B582B00A
:106B400001900198806B00900099012048630098A3
:106B5000006B012806D1FFE70098818D4908FDF7F9
:106B6000F5FE03E00098FEF799FBFFE702B080BD59
:106B700084B00390FFE7FFE70398006850E8030F35
:106B800020F490700290FFE702990398026842E8AF
:106B900003100028F0D1FFE7FFE7FFE7FFE70398C6
:106BA000006850E8050F20F001000190FFE701990F
:106BB0000398026842E805100028F0D1FFE7FFE7DC
:106BC0000398006B012814D1FFE7FFE7FFE7039864
:106BD000006850E8030F20F010000090FFE70099D4
:106BE0000398026842E803100028F0D1FFE7FFE7AE
:106BF000FFE70399202081F84200039900200863F1
:106C000004B0704780B582B0019001980168C868EF
:106C100020F04000C8600199202081F841000198CF
:106C2000FEF740FB002002B080BD000082B0019062
:106C3000FFE7FFE70198006850E8030F20F0C0006D
:106C40000090FFE700990198026842E803100028CD
:106C5000F0D1FFE7FFE70199202081F8410002B061
:106C60007047000080B586B0049000200390029029
:106C7000049890F84200222840F0A080FFE7049892
:106C80008068B0F5805F13D1FFE70498006978B998
:106C9000FFE70498806A02900498006840686FF3E8
:106CA0005F20029908800499886A0230886223E094
:106CB0000498806A039004988068B0F5805F08D0DB
:106CC000FFE70498806850B9FFE70498006930B97D
:106CD000FFE70498006840680399087007E004988B
:106CE0000068406800F07F0003990870FFE704998E
:106CF000886A01308862FFE70499C88D0138C88529
:106D00000004002856D1FFE704980168C86820F005
:106D10002000C86004980168C86820F48070C860CA
:106D200004980168486920F0010048610499202016
:106D300081F842000499002048630498006B012800
:106D400030D1FFE7049900200863FFE7FFE70498CC
:106D5000006850E8030F20F010000190FFE7019950
:106D60000498026842E803100028F0D1FFE7FFE72B
:106D7000049800680068C00600280ED5FFE7FFE70A
:106D80000020009004980068006800900498006853
:106D9000406800900098FFE7FFE70498818DFDF7B9
:106DA000D5FD03E00498FEF745FAFFE700208DF8D3
:106DB000170007E000208DF8170003E002208DF88F
:106DC0001700FFE79DF8170006B080BD80B586B0BC
:106DD000059005980068006920F44050059A1168F4
:106DE000D26810430861059988680B694A69C969C6
:106DF000184310430843049005980068C06849F29E
:106E00000C6188430499084305990968C86005988E
:106E10000068406920F44070059A11689269104337
:106E200048610598006841F20001C4F201018842FE
:106E300009D0FFE70598006841F20041C4F2010162
:106E4000884204D1FFE7FCF79BFD039003E0FCF7C9
:106E500085FD0390FFE70598C069B0F5004F29D183
:106E6000FFE703981921A0FB0101059A136802931B
:106E700053685A00DB0FF9F7F7F90299864648F292
:106E80001F53C5F2EB13AEFB0320420910014FF074
:106E9000640C02FB1CEC322202EBCC02A2FB03329C
:106EA000F82303EA521300EB4300C2F342121044EA
:106EB000886026E003981921A0FB0101059A136858
:106EC000019353689A009B0FF9F7CEF90199844614
:106ED00048F21F52C5F2EB12ACFB023043096420AA
:106EE00003FB10CC322000EB0C10A0FB0202F020C0
:106EF00000EA521000EB0310C2F343121044886002
:106F0000FFE706B080BD000080B58AB00890079109
:106F1000ADF81A20079808998862BDF81A000899F8
:106F20008885089900204864089A222182F8421036
:106F30000899CA6B46F64921C0F60001D163089949
:106F4000CA6B46F63D31C0F6000111640899CA6B60
:106F500046F6CD11C0F60001D1640899C96B0865E9
:106F600007A8059008980168C06B0431059A12685B
:106F7000BDF81A30FCF722F858B1FFE70899102045
:106F800048640899202081F8420001208DF82700EC
:106F90004EE0FFE700200490089800680068049025
:106FA00008980068406804900498FFE70898006912
:106FB000A0B1FFE7FFE7FFE70898006850E8030F7C
:106FC00040F480700390FFE703990898026842E854
:106FD00003100028F0D1FFE7FFE7FFE7FFE7FFE737
:106FE0000898006850E8050F40F001000290FFE7A4
:106FF00002990898026842E805100028F0D1FFE7DE
:10700000FFE7FFE7FFE70898006850E8050F40F04A
:1070100040000190FFE701990898026842E80510D6
:107020000028F0D1FFE7FFE700208DF82700FFE7F9
:107030009DF827000AB080BD80B540F6B470C2F25A
:10704000000041F20961C2F200010122FEF7C6F818
:1070500040F6FC70C2F2000041F20A61C2F2000187
:107060000522FDF717FC80BD83B00190019890F8D0
:10707000410021283AD1FFE701988068B0F5805F90
:1070800013D1FFE70198006978B9FFE70198006A1A
:107090000090009800886FF35F20019909684860AC
:1070A0000199086A0230086208E0019A106A411CDE
:1070B00011620078019909684860FFE70199C88C5E
:1070C0000138C884000468B9FFE701980168C868FE
:1070D00020F08000C86001980168C86840F0400056
:1070E000C860FFE700208DF80B0003E002208DF858
:1070F0000B00FFE79DF80B0003B0704780B540F62A
:10710000B470C2F20000FDF777FC80BD80B540F698
:10711000FC70C2F20000FDF76FFC80BDFFE7FEE7E8
:1071200080B582B08DF807008DF806109DF8070035
:1071300020B9FFE70F208DF80700FFE79DF8070053
:107140009DF8061040EA01104BF2CC02C0F6000296
:10715000002100F02BF802B080BD000080B584B0A3
:107160008DF80F009DF80F2040F21811C2F20001B7
:1071700040F24020C2F20000002A08BF08460290F8
:1071800000208DF80700FFE79DF8070001280ADCC2
:10719000FFE70298F9F75CFAFFE79DF80700013076
:1071A0008DF80700F0E704B080BD0000F0B593B0A3
:1071B00012908DF8471010921298099000200B90B1
:1071C0009DF847000D90129800F00F000F2814D181
:1071D000FFE7002000F0ACFB079001208DF81B00BA
:1071E00000F0DEFC40B1FFE7042000F0A1FB0890B6
:1071F00002208DF81B00FFE70AE0129800F00F0054
:10720000013800F095FB079001208DF81B00FFE787
:1072100000208DF81A00FFE79DF81A009DF81B105A
:1072200088422CDAFFE79DF81A1007A850F82100D1
:10723000F9F718FB08B1FFE71BE09DF81A1007A843
:1072400050F82100109F09990A9A0B9BDDF830C075
:107250000D9C0E9D0F9EEE46CEF81070CEF80C6081
:10726000CEF80850CEF80440CEF800C0F9F762FA24
:10727000FFE79DF81A0001308DF81A00CCE713B033
:10728000F0BD000080B584B000200390FFE70398B4
:10729000052867D8FFE7039800EB800140F634101B
:1072A000C2F20000029000EB411000F037FB0298A0
:1072B000039901EB81014901405CC00720BBFFE756
:1072C000039800EB800140F63410C2F2000000EB9E
:1072D000411200215170039901EB810100EB411033
:1072E0004178807888420ED0FFE7039800EB800158
:1072F00040F63410C2F2000000EB411090F87C1010
:1073000000F050FCFFE729E0039800EB800140F615
:107310003410C2F2000000EB4110417880788842BE
:107320000ED0FFE7039800EB800140F63410C2F264
:10733000000000EB411090F87C1000F033FC0DE0F1
:10734000039800EB800140F63410C2F2000000EB1D
:10735000411090F87C1000F043FBFFE703980130E8
:10736000039094E7002001902E21FFF7D9FE0198A9
:107370002D21FFF7D5FE04B080BD000080B584B09C
:1073800000200390FFE70398052800F29780FFE7AD
:10739000039800EB800040F63411C2F20001019125
:1073A00001EB40124FF07E505067039A02EB8202CD
:1073B00001EB42129067039A501C02EB820201EB30
:1073C000421282F87C00039800EB800001EB40122F
:1073D000002002909064039A02EB820201EB4212B9
:1073E0005060039A02EB820201EB42129060039A12
:1073F00002EB820201EB42121061039A02EB82025D
:1074000001EB42121062039A02EB820201EB42137B
:1074100049F69A12C3F69972C3F88020039A02EBD8
:10742000820201EB42134DF20A72C3F6A352C3F873
:107430008420039A02EB820201EB421346F2666259
:10744000C3F6E672C3F88820039A02EB820201EBCE
:1074500042134CF6CD42C3F64C62C3F88C20039A1B
:1074600002EB820201EB421341F26F22C3F60332B8
:107470009A63039A02EB820201EB4213022283F821
:107480003C20039A02EB820201EB42125070039AF5
:1074900002EB820201EB42129070039A02EB82022D
:1074A00001EB421282F84000039A02EB8202520181
:1074B0008854FFE703980130039064E70F200090A1
:1074C0001F21FFF72DFE00981221FFF729FE0098DB
:1074D0001321FFF725FE00981421FFF721FE0098E5
:1074E0001521FFF71DFE04B080BD000070B592B0FD
:1074F0009C4613460A460146189D179CDDF858E045
:107500001A98199E11951094CDF83CE0CDF838C02A
:107510000D930C920B918DF82B000B9800F00F003F
:1075200009900B980009089000200790ADF81A0008
:10753000ADF818009DF82B100BA800F027FA08B939
:10754000FFE760E10998013805900F98042840F0A2
:10755000F580FFE708980A3801460191242800F2D7
:10756000EB800199DFE811F0C000E800E800E800D6
:10757000E800E800E800E800E800E800E800E800CB
:10758000CE00DB00E800E800E800E800E800E800E2
:10759000E8007A00E8009000E800E800A700E800B2
:1075A000E800E800E800E800E8004F00E8005C00C0
:1075B0002500059800EB800140F63410C2F200006F
:1075C000009000EB4112116A1166059901EB8101EF
:1075D00000EB4112199909681162059901EB8101CB
:1075E00000EB411090ED080AFEF792F9009805991A
:1075F00001EB810100EB411090ED1E1A80EE010AB3
:1076000080ED080A99E0059800EB800140F63410FF
:10761000C2F2000000EB41111998006888628CE00A
:10762000059800EB800140F63410C2F2000000EB38
:10763000411219990968D161059901EB810100EBAB
:10764000411090ED070A90ED1E2A9FED781A81EE09
:10765000021A20EE010A80ED070A6EE00020049075
:107660001998006804909DED040ABDEEC00A10EE62
:10767000100A059901EB810240F63411C2F20001B3
:1076800001EB4211887058E00020039019980068BF
:1076900003909DED030ABDEEC00A10EE100A059995
:1076A00001EB810240F63411C2F2000101EB4211FC
:1076B00081F8400041E00020029019980068029093
:1076C0009DED020AFEF724F9059800EB800140F6D3
:1076D0003410C2F2000000EB411090ED1E1A80EE53
:1076E000010A80ED090A28E0059800EB800140F6C8
:1076F0003410C2F2000000EB411119980068C1F883
:1077000090001AE0059800EB800140F63410C2F2B8
:10771000000000EB411119980068C8620DE005985F
:1077200000EB800140F63410C2F2000000EB411182
:1077300019980068086300E0FFE764E00F980828E4
:1077400060D1FFE7199800680790059800EB800169
:1077500040F63410C2F2000000EB4112116A1166CB
:107760009DED070A9FED291A80EE010A9FED281A68
:1077700020EE010A9FED271A30EE010A059901EB70
:10778000810100EB411191ED1E1A80EE010A81ED9D
:10779000080A19998988ADF81A10BDF91A1000EE77
:1077A000101AB8EEC00A9FED1C1A80EE010A9FED78
:1077B0001B2A20EE020A9FED1A2A30EE020A0599D2
:1077C00001EB810100EB411181ED070A1999C9888C
:1077D000ADF81810BDF9181000EE101AB8EEC00A76
:1077E00080EE010A9FED0F1A20EE010A9FED0E1A9E
:1077F00030EE010A059901EB810100EB411080EDAB
:107800000A0AFFE7FFE712B070BD00BF0000804F1B
:1078100000409C4600401CC600FF7F470000964386
:10782000000016C30000A042000020C20000704209
:1078300080B586B005AA009282ED000A8DF813008B
:107840008DF8121000200390029004208DF807009C
:107850009DF8130020B9FFE70F208DF8130006E014
:107860009DF81300072801D3FFE752E0FFE79DF8DA
:107870001200242805D0FFE79DF812002E2817D10A
:10788000FFE7009890ED000AF9F7B2F900989DF82B
:10789000131001EB810240F63411C2F2000101EB3A
:1078A000421111ED0A1A20EE010A80ED000A22E0D1
:1078B0009DF81200232805D0FFE79DF812000A2842
:1078C00018D1FFE700989DF8131001EB810240F6F4
:1078D0003411C2F2000101EB421111ED0A1A9FEDC1
:1078E0000E0A80EE011A90ED000A80EE010A80ED8A
:1078F000000AFFE7FFE7059802909DF813009DF846
:10790000121040EA01109DF8071002AAFFF74EFC82
:10791000FFE706B080BD00BF0000704281B000905C
:10792000009890F8400008B9FFE7FFE701B0704702
:1079300083B0019001208DF803009DF8030030B959
:10794000FFE740F21810C2F20000029005E040F29A
:107950004020C2F200000290FFE7029803B0704797
:1079600082B001908DF80310019801388DF8020063
:1079700001208DF801009DF801009DF80310401AC8
:10798000B0FA80F0400902B07047000080B584B0C2
:1079900002908DF807100298806820B1FFE7002060
:1079A0008DF80F0017E00298006800F00F000090BB
:1079B000009820B1FFE70098072804D3FFE70020D4
:1079C0008DF80F0007E000989DF80710FFF7C8FF3B
:1079D0008DF80F00FFE79DF80F0004B080BD000098
:1079E00080B584B003908DF80B1003984078014661
:1079F0000191032800F2BB800199DFE801F0B73163
:107A00000232039890ED010A90ED111A30EE410A0E
:107A100010EE100A03F05AFA41EC100B9FED581BC0
:107A200050EC111BC20F51EC100B62F3DF7141ECF3
:107A3000100B51EC100B9FED580B53EC102B03F077
:107A40008CFA60B9FFE7039890ED010A9DF80B00EE
:107A50002321FFF7EDFE039948684864FFE78AE0B9
:107A600089E0039890F83400C00700285DD1FFE753
:107A7000039890ED020A90ED121A30EE410A10EED2
:107A8000100A03F023FA41EC100B9FED3D1B50EC64
:107A9000111BC20F51EC100B62F3DF7141EC100BA4
:107AA00051EC100B9FED380B53EC102B03F055FAF3
:107AB00060B9FFE7039988688864039890ED020A2B
:107AC0009DF80B002421FFF7B3FE2DE0039890ED05
:107AD000020AB5EE400AF1EE10FA24D1FFE703984E
:107AE000406A03F0F3F941EC100B9FED251B50ECBD
:107AF000111BC20F51EC100B62F3DF7141EC100B44
:107B000051EC100B9FED220B53EC102B03F025FAD8
:107B100048B9FFE7039890ED020A9DF80B00242175
:107B2000FFF786FEFFE7FFE71FE0039890F83500B8
:107B3000C007C8B1FFE7039890ED0E0A9DF80B004F
:107B40001821FFF775FE039890F83C0000EE100A2C
:107B5000B8EE400A9DF80B000F21FFF769FE03996C
:107B6000002081F83500FFE7FFE704E0FFE7039915
:107B700000204870FFE704B080BD00BF00BF00BF19
:107B8000000000000000000000000040E17A843F97
:107B9000000000000000E03F000000A09999B93FFC
:107BA0000020704780B584B003908DF80B100398C7
:107BB0004078014601910B281FD80199DFE801F0B8
:107BC0000606070D1D1D1D1D1D141D1816E0039929
:107BD000002048600399486410E00399086A8860AF
:107BE0000399086A886409E003990020087005E099
:107BF0000399002081F8400000E0FFE703984078F7
:107C000000EE100AB8EE400A9DF80B001F2100910B
:107C1000FFF70EFE00999DF80B00FFF781FA04B004
:107C200080BD000081B08DF803009DF9030000289D
:107C30000ED4FFE79DF9031001F01F0201209040D0
:107C40004A094EF20011CEF2000141F82200FFE78E
:107C500001B070474EF60C50CEF200000068C0F341
:107C60000220704782B08DF8070000919DF907004F
:107C700000280AD4FFE7009800019DF907104EF292
:107C80000042CEF2000288540BE0009800019DF8FB
:107C9000071001F00F014EF61452CEF20002885484
:107CA000FFE702B07047000082B08DF80700009136
:107CB0009DF9070000280AD4FFE7009800019DF90C
:107CC00007104EF20042CEF2000288540BE00098FA
:107CD00000019DF8071001F00F014EF61452CEF28C
:107CE00000028854FFE702B07047000083B00290A2
:107CF000029800F0070000904EF60C51CEF2000101
:107D00000868019001984FF6FF0210400190019819
:107D1000009A40EA02200022C0F2FA521043019079
:107D20000198086003B07047BFF34F8F4EF60C51B7
:107D3000CEF20001086800F4E0600422C0F2FA52BA
:107D400010430860BFF34F8FFFE700BFFDE700005F
:107D500081B08DF80300002001B0704780B582B07B
:107D600000200190FBF7B6FBFEF718FCFDF792FC34
:107D7000FDF7FEFBFDF7E2FCFDF72CFDFDF778FDBE
:107D8000FDF7ECFAFDF794FDFDF76CFBF8F700FC4E
:107D9000F8F734FDFFF750F9032001F003FAF9F783
:107DA000BDF8FFF7EBFA00F021F8FDF72DFC00F02D
:107DB00041F8FFE7FEE7000080B584B00290EFF3E2
:107DC00005800390039820B1FFE76FF00500019054
:107DD00009E000200190029820B1FFE7029801F02D
:107DE00023FDFFE7FFE7019804B080BD82B0EFF309
:107DF00005800190019820B1FFE76FF00500009029
:107E000014E040F29870C2F20000006848B9FFE741
:107E100040F29871C2F20001012008600020009039
:107E200003E04FF0FF300090FFE7FFE7009802B05B
:107E30007047000080B582B0EFF305800190019893
:107E400020B1FFE76FF00500009019E040F2987054
:107E5000C2F20000006801280DD1FFE7FEF73AF8F2
:107E600040F29871C2F200010220086001F07AFD30
:107E70000020009003E04FF0FF300090FFE7FFE7A5
:107E8000009802B080BD0000B0B58EB00B900A9192
:107E9000099200200690EFF305800D900D980028C0
:107EA00040F09980FFE70B98002800F09480FFE7EE
:107EB0008020079018200590002008904FF0FF3098
:107EC0000490099800284DD0FFE70998006820B178
:107ED000FFE7099800680890FFE70998806920B1DA
:107EE000FFE7099880690590FFE7059848B1FFE72B
:107EF0000598382805D8FFE709980079C00718B118
:107F0000FFE700200C9069E00998406928B1FFE77D
:107F10000998406980080790FFE70998806880B158
:107F2000FFE70998C0685C280BD3FFE70998006950
:107F300038B1FFE70998406918B1FFE701200490C4
:107F40000FE00998806858B9FFE70998C06838B908
:107F5000FFE70998006918B9FFE700200490FFE7E0
:107F6000FFE702E000200490FFE70498012817D102
:107F7000FFE70B980899079A0A9BDDF814C0DDF813
:107F800024E0DEF80850DEF81040EE46CEF8085047
:107F9000CEF80440CEF800C002F0D0FA069019E006
:107FA0000498B0B9FFE70B980899BDF81C200A9B0C
:107FB000DDF814C0EE4606ACCEF80440CEF800C0A2
:107FC00002F06CFA012803D0FFE700200690FFE7DB
:107FD000FFE7FFE7FFE706980C90FFE70C980EB06D
:107FE000B0BD000080B584B00390029145F6E0106A
:107FF000C2F200000068009041F24C10C2F2000092
:108000000068043001F0C8F908B9FFE700E0FFE7B5
:108010000398013080B9FFE7029868B1FFE741F2A9
:108020004C10C2F200000068011D45F6B810C2F203
:10803000000001F057FA3DE00098039908440190D0
:10804000019841F24C11C2F20001096848600198A0
:10805000009988420ED2FFE741F25C10C2F20000A4
:10806000006841F24C11C2F200010968043101F0CC
:1080700003FA1EE041F25410C2F20000006841F21F
:108080004C11C2F200010968043101F0F5F90198C0
:1080900045F64411C2F200010968884207D2FFE7A1
:1080A000019845F64411C2F20001086000E0FFE7C4
:1080B000FFE7FFE704B080BD80B582B0019001F01A
:1080C00039FA45F21821C2F200010868013008604F
:1080D00041F24C10C2F20000006898B9FFE7019825
:1080E00041F24C11C2F20001086045F21820C2F2C0
:1080F00000000068012803D1FFE700F0F7FA00E074
:10810000FFE71CE045F6AC10C2F200000068A0B921
:10811000FFE741F24C10C2F200000068C06A01990A
:10812000C96A884207D8FFE7019841F24C11C2F2B0
:108130000001086000E0FFE700E0FFE7FFE745F22D
:108140002420C2F200000168013101600068019939
:1081500048640198C06A45F22821C2F2000109680A
:10816000884208D9FFE70198C06A45F22821C2F287
:1081700000010860FFE70199C86A00EB800241F244
:108180006410C2F2000000EB8200043101F0AAF991
:1081900001F0FCF945F6AC10C2F200000068C8B16D
:1081A000FFE741F24C10C2F200000068C06A01997A
:1081B000C96A88420CD2FFE74EF60451CEF20001A4
:1081C0004FF080500860BFF34F8FBFF36F8F00E018
:1081D000FFE700E0FFE702B080BD000080B584B09B
:1081E00001F0A8F945F6E410C2F20000006800288A
:1081F00040D1FFE745F6E400C2F20000029001F032
:108200001BF945F6F800C2F20000039001F014F9E2
:108210000299039841F25012C2F20002116041F239
:108220006011C2F20001086069460020086041F256
:108230005402C2F2000241F2F403C2F200030A2027
:10824000102101F035FD014645F6E410C2F20000B0
:108250000160006860B1FFE745F6E410C2F200007B
:1082600000684BF20111C0F6000101F081FA00E054
:10827000FFE700E0FFE701F089F904B080BD0000EE
:1082800080B582B0FFE745F21C20C2F20000006812
:1082900008B3FFE701F04EF945F6CC10C2F200003A
:1082A000C068C06801900198043001F075F845F28B
:1082B0001821C2F2000108680138086045F21C214B
:1082C000C2F2000108680138086001F05FF9019806
:1082D00000F08CF8D7E702B080BD000080B582B016
:1082E000019000910198006CB8B1FFE70199C8684E
:1082F0000A6C1044C86001988168C068884204D341
:10830000FFE701990868C86000E0FFE70098019A5C
:10831000D168126CF8F720F8FFE702B080BD0000CA
:1083200080B586B0059004910392002002900598D4
:10833000806B01900598006C78B9FFE7059800689C
:1083400048B9FFE70598806802F068FA029005993D
:108350000020886000E0FFE741E00398B8B9FFE73C
:10836000059A04995068126CF7F7F6FF059948686A
:108370000A6C10444860059948688968884204D3AB
:10838000FFE705990868486000E0FFE726E0059AE6
:108390000499D068126CF7F7DFFF0599C8680A6C7A
:1083A000801AC86005980168C068884206D2FFE755
:1083B000059988680A6C801AC86000E0FFE7039896
:1083C000022809D1FFE7019820B1FFE701980138A1
:1083D000019000E0FFE700E0FFE7FFE7FFE701981B
:1083E000013005998863029806B080BD80B582B0DF
:1083F0000090009890F8590040B9FFE70098006B92
:1084000001F0EAF8009801F0E7F81CE0009890F815
:108410005900012804D1FFE7009801F0DDF811E0D0
:10842000009890F8590002280BD0FFE74FF0500059
:1084300080F31188BFF36F8FBFF34F8F0190FFE779
:10844000FEE7FFE7FFE702B080BD000082B00190C9
:1084500041F25010C2F2000000680068B0FA80F0EB
:108460004009019908600198006848B9FFE741F2A6
:108470005010C2F200000068C0680068009002E07E
:1084800000200090FFE7009802B0704784B04FF4DE
:108490007050009041F20F60C2F2000001909DF810
:1084A0000400400788B1FFE7019807300190019868
:1084B00020F007000190019A41F20F61C2F2000121
:1084C0000098891A08440090FFE7019802900299E9
:1084D00045F6B010C2F20000016000214160029830
:1084E000009A10440190019808380190019820F0FA
:1084F00007000190019A41F25810C2F20000026098
:108500000268516002681160029903910199039A0F
:10851000891A51600068039908600398406845F61D
:108520004011C2F2000108600398406845F6381116
:10853000C2F20001086045F60C11C2F200014FF0D2
:108540000040086004B0704780B582B00190FFE73A
:10855000FFF796FE41F26410C2F2000000680228A4
:108560000CD3FFE74EF60451CEF200014FF08050DD
:108570000860BFF34F8FBFF36F8F00E0FFE7E7E7BF
:1085800080B584B0DDF818C00390029101928DF897
:108590000330029818B9FFE70698006003E00198DD
:1085A00006990860FFE703980699C8630298069940
:1085B00008640698012101F003FC9DF80300069968
:1085C00081F84C0004B080BD80B588B0DDF834C0BF
:1085D000DDF830C0DDF82CC0DDF828C0069005912C
:1085E000049203930C98006B04998900A522F7F775
:1085F000F8FE0C98006B049900EB8100043802909F
:10860000029820F0070002909DF80800400758B13A
:10861000FFE74FF0500080F31188BFF36F8FBFF377
:108620004F8F0790FFE7FEE70598F8B1FFE70020BE
:108630000190FFE701980F2813D8FFE70598019AEA
:10864000805C0C99114481F8340005980199405CD4
:1086500008B9FFE705E0FFE7FFE701980130019067
:10866000E8E70C99002081F8430004E00C99002011
:1086700081F83400FFE70A98382803D3FFE7372052
:108680000A9000E0FFE70A980C99C8620A980C99D2
:10869000C8640C990020009008650C98043000F024
:1086A000E3FE0C98183000F0DFFE00980C99096189
:1086B0000A99C1F138010C9A91610C9949620C999F
:1086C00048650C9981F8580002980699039A00F0C1
:1086D000D1FC0C9908600B9820B1FFE70C980B991E
:1086E000086000E0FFE708B080BD000080B584B0FE
:1086F00000200390FFE70398372810D8FFE703987E
:1087000000EB800141F26410C2F2000000EB810036
:1087100000F092FEFFE7039801300390EBE745F687
:108720001010C2F20000019000F086FE45F6241001
:10873000C2F20000029000F07FFE45F65810C2F22F
:10874000000000F079FE45F6CC10C2F2000000F007
:1087500073FE45F6B810C2F2000000F06DFE0199FC
:10876000029841F25412C2F20002116041F25C110F
:10877000C2F20001086004B080BD000083B0029026
:1087800045F6B010C2F200000190FFE701980068C2
:108790000299884205D2FFE7FFE70198006801903F
:1087A000F4E70198009000980199496808440299FB
:1087B000884209D1FFE7029842680199486810444D
:1087C00048600198029000E0FFE70298009000984E
:1087D00002994968084401990968884220D1FFE755
:1087E0000198006841F25811C2F2000109688842FC
:1087F0000DD0FFE70198006842680299486810446C
:1088000048600198006800680299086007E041F23A
:108810005810C2F20000006802990860FFE704E007
:108820000198006802990860FFE701980299884260
:1088300004D0FFE702980199086000E0FFE703B069
:108840007047000080B586B00590049103920293B2
:1088500000200190049805994860059800610498EB
:108860000399884216D8FFE703980299401A0599A0
:108870008969884203D3FFE70120019009E041F2B2
:108880006010C2F2000000680599043100F0F4FDA8
:10889000FFE717E003980299884208D2FFE704989F
:1088A0000299884203D3FFE70120019009E041F2D9
:1088B0005010C2F2000000680599043100F0DCFDA0
:1088C000FFE7FFE7019806B080BD000080B582B0E9
:1088D000019000F02FFE0198806B18B9FFE701208E
:1088E000009002E000200090FFE700F04FFE0098AB
:1088F00002B080BD80B582B0019000F01BFE0198EF
:10890000806B0199C96B884203D1FFE70120009079
:1089100002E000200090FFE700F038FE009802B06F
:1089200080BD000008480068006880F308884FF0A8
:10893000000080F3148862B661B6BFF34F8FBFF3B7
:108940006F8F00DF00BF000008ED00E080B586B04B
:108950000490039141F25010C2F200000068C06818
:10896000C06801900198043000F016FD019890F85D
:1089700028004007002823D5FFE70198049B816960
:108980001944039AFFF75EFFC0B1FFE70198049A0C
:10899000694600230B60194602F02CF902900298F8
:1089A00058B9FFE74FF0500080F31188BFF36F8F85
:1089B000BFF34F8F0590FFE7FEE700E0FFE707E01A
:1089C000019991F8280000F0FE0081F82800FFE7E7
:1089D0000198016A884706B080BD000080B58EB05E
:1089E000FFE745F6E410C2F20000006807A9002284
:1089F00001F000FC002800F0B880FFE70798B0F114
:108A0000FF3F17DCFFE707A804300290029858B92F
:108A1000FFE74FF0500080F31188BFF36F8FBFF373
:108A20004F8F0D90FFE7FEE702990A684868896852
:108A3000904700E0FFE70798002800F19580FFE7E6
:108A4000099806900698406928B1FFE70698043017
:108A500000F0A2FC00E0FFE705A800F0FBF803909F
:108A600007980190092800F27D800199DFE801F064
:108A70000505053D456605053D45069991F8280023
:108A800040F0010081F828000698089B816919448C
:108A9000039AFFF7D7FE30B3FFE70698016A8847CD
:108AA000069890F82800400700281AD5FFE7069896
:108AB000089982690A44694600230B60194602F04E
:108AC00099F80490049858B9FFE74FF0500080F3EC
:108AD0001188BFF36F8FBFF34F8F0C90FFE7FEE756
:108AE00000E0FFE700E0FFE73DE0069991F828008D
:108AF00000F0FE0081F8280035E0069991F8280082
:108B000040F0010081F828000898069988610698CD
:108B1000806958B9FFE74FF0500080F31188BFF328
:108B20006F8FBFF34F8F0B90FFE7FEE70698039B15
:108B3000816919441A46FFF785FE14E0069890F8FB
:108B400028008007002804D4FFE7069800F044FDC1
:108B500007E0069991F8280000F0FE0081F828004F
:108B6000FFE700E0FFE7FFE73BE70EB080BD000056
:108B700080B584B00390029100F064FF684600F075
:108B800069F801900098D8BBFFE7029860B9FFE749
:108B900003980199884207D8FFE701F01DFF039869
:108BA0000199FFF7D3FE2AE0029858B1FFE741F29E
:108BB0006010C2F2000000680068B0FA80F040095E
:108BC0000290FFE745F6E410C2F200000068039946
:108BD000019A891A029A00F0F5FD01F0FDFE60B9D4
:108BE000FFE74EF60451CEF200014FF080500860CE
:108BF000BFF34F8FBFF36F8F00E0FFE7FFE702E0A7
:108C000001F0EAFEFFE704B080BD000081B041F250
:108C10005410C2F200000068006840B9FFE745F652
:108C20004411C2F200014FF0FF3008600FE041F242
:108C30005410C2F200000068C068C068009000983C
:108C4000406845F64411C2F200010860FFE701B038
:108C50007047000080B582B0019001F0F3FC0090F5
:108C6000009841F24411C2F200010968884206D21C
:108C7000FFE700F011F801990120086003E0019975
:108C800000200860FFE7009841F24411C2F20001A1
:108C90000860009802B080BD80B588B0FFE741F25F
:108CA0005010C2F200000068006800284ED0FFE7B4
:108CB00041F25010C2F200000168C96809680691CB
:108CC0000068C068C06803900398043000F064FB3B
:108CD0000398016A8847039890F828004007002805
:108CE00032D5FFE7069803998969084405900598ED
:108CF000069988420FD9FFE70598039948600398C1
:108D0000006141F25010C2F2000000680399043182
:108D100000F0B2FB17E00398069A694600230B6047
:108D2000194601F067FF0290029858B9FFE74FF02B
:108D3000500080F31188BFF36F8FBFF34F8F079000
:108D4000FFE7FEE7FFE700E0FFE7A8E741F2501288
:108D5000C2F200021068049041F26011C2F20001F8
:108D6000086810600498086008B080BD83B00020D7
:108D7000009040F2AC00C2F200000068013058B12F
:108D8000FFE74FF0500080F31188BFF36F8FBFF300
:108D90004F8F0290FFE7FEE74FF0500080F31188FD
:108DA000BFF36F8FBFF34F8F0190FFE7009808B9B3
:108DB000FFE7FBE703B0704780B584B00390FFE79F
:108DC00001A8FFF743FB029002980199FFF7D0FE3C
:108DD000FFF704FEF4E7000080B582B0019000F0D8
:108DE000A9FB019890F845008DF80300FFE79DF975
:108DF0000300012816DBFFE70198406A58B1FFE73E
:108E00000198243001F080FD18B1FFE700F056FD15
:108E100000E0FFE700E005E09DF8030001388DF871
:108E20000300E4E70199FF2081F8450000F0AEFB64
:108E300000F080FB019890F844008DF80200FFE7F5
:108E40009DF90200012816DBFFE70198006980B157
:108E5000FFE70198103001F057FD18B1FFE700F06F
:108E60002DFD00E0FFE79DF8020001388DF80200BB
:108E700000E000E0E4E70199FF2081F8440000F001
:108E800085FB02B080BD000080B58AB0069000204E
:108E9000029000F0D7FD41F25810C2F200000068C5
:108EA00018B9FFE7FFF7F2FA00E0FFE7069845F68A
:108EB0000C11C2F200010968084240F0C580FFE7CA
:108EC000069800B3FFE70698083006909DF8180052
:108ED0004007B0B1FFE7069820F007000830069081
:108EE0009DF81800400758B1FFE74FF0500080F39D
:108EF0001188BFF36F8FBFF34F8F0990FFE7FEE735
:108F000000E0FFE700E0FFE70698002800F09A8005
:108F1000FFE7069845F63811C2F200010968884259
:108F200000F29080FFE745F6B010C2F20000049016
:108F300000680590FFE705984168069A0020914275
:108F4000019007D2FFE705980068002818BF0120AC
:108F50000190FFE70198C00730B1FFE70598049042
:108F6000059800680590E6E7059841F25811C2F2AD
:108F700000010968884263D0FFE704980068083060
:108F80000290059800680499086005984068069961
:108F9000401A112821D3FFE7059806990844039049
:108FA0009DF80C00400758B1FFE74FF0500080F3E8
:108FB0001188BFF36F8FBFF34F8F0890FFE7FEE775
:108FC000059840680699401A0399486006980599E3
:108FD00048600398FFF7D2FB00E0FFE7059842687E
:108FE00045F63810C2F200000168891A0160006875
:108FF00045F64011C2F20001096888420BD2FFE732
:1090000045F63810C2F20000006845F64011C2F281
:109010000001086000E0FFE745F60C10C2F2000016
:109020000268059948681043486005990020086067
:1090300045F64C11C2F2000108680130086000E0FA
:10904000FFE700E0FFE700E0FFE701F0C5FC9DF867
:109050000800400758B1FFE74FF0500080F3118837
:10906000BFF36F8FBFF34F8F0790FFE7FEE70298C4
:109070000AB080BD83B0029001910092029804383A
:10908000029002994FF080700860029804380290B4
:10909000019820F0010002990860029804380290BB
:1090A000029948F66D50C0F6000008600298143826
:1090B0000290009802990860029804380290029980
:1090C0006FF002000860029820380290029803B006
:1090D0007047000080B584B0039002910298007838
:1090E0000399097A884201D1FFE740E002980078AD
:1090F0000399087200200190FFE70198032829DCFA
:10910000FFE7029800780007002807D5FFE70399DA
:10911000086889880122FAF7B1F906E0039908681E
:1091200089880022FAF7AAF9FFE702990878400037
:10913000087003990868C9880122FAF79FF9039912
:109140000868C9880022FAF799F9FFE70198013009
:109150000190D2E703990868C9880122FAF78EF9CD
:1091600003990868C9880022FAF788F9FFE704B074
:1091700080BD000083B002900191ADF80220ADF8EF
:109180000030019802990860BDF8020002998880B9
:10919000BDF800000299C8800299F020087203B05F
:1091A0007047000080B594B08DF84F0000201290F9
:1091B000119010900F900E909DF84F0001460A916B
:1091C000012808D0FFE70A98022839D0FFE70A985B
:1091D000032867D09DE041F2E450C2F20000002174
:1091E000C4F202014FF400724FF48063FFF7C2FF34
:1091F000FFE700200D9043F63000C4F20200016842
:1092000041F001010160006800F001000D900D982F
:10921000FFE70020C4F2020009904FF4C0610791FB
:1092200000220892FAF72AF90799089A09980E91EC
:1092300001210F91109211910EA9F9F743FF69E0F6
:1092400041F2F050C2F200000021C4F202010422F7
:109250000823FFF78FFFFFE700200C9043F6300054
:10926000C4F20200016841F001010160006800F0F1
:1092700001000C900C98FFE70020C4F20200069059
:109280000C21049100220592FAF7F8F80499059A46
:1092900006980E9101210F91109211910EA9F9F7E4
:1092A00011FF37E041F2FC50C2F2000040F600012D
:1092B000C4F202014FF480624FF40063FFF75AFFDB
:1092C000FFE700200B9043F63000C4F20200016873
:1092D00041F004010160006800F004000B900B985D
:1092E000FFE740F60000C4F2020003904FF4406133
:1092F000019100220292FAF7C1F80199029A0398AB
:109300000E9101210F91109211910EA9F9F7DAFE39
:1093100000E0FFE79DF84F00002100F003F814B0D3
:1093200080BD000080B582B08DF807008DF8061072
:109330009DF8060000F00F008DF805009DF807006D
:1093400001460091012808D0FFE7009802280DD0BF
:10935000FFE70098032812D01AE041F2E450C2F26D
:1093600000000DF10501FFF7B5FE12E041F2F050EB
:10937000C2F200000DF10501FFF7ACFE09E041F279
:10938000FC50C2F200000DF10501FFF7A3FE00E062
:10939000FFE702B080BD000082B001900198006933
:1093A00000900198416880688860019948688968E0
:1093B0004860009840680199884205D1FFE701980C
:1093C00080680099486000E0FFE70199002008618B
:1093D00000990868013808600098006802B070477A
:1093E00083B0029001910092029945F22C40C2F2A2
:1093F00000000860019945F22C20C2F200000860CC
:1094000000998020086003B07047000083B002908C
:1094100001910092029945F68800C2F200000860AE
:10942000019945F28840C2F20000086000994FF4AB
:109430008070086003B0704781B00090009901F11E
:109440000800486000994FF0FF308860009901F1F2
:109450000800C860009901F1080008610099002027
:10946000086001B07047000081B0009000990020B2
:10947000086101B07047000084B003900291029827
:10948000006800900098013020B9FFE70398006958
:10949000019010E0039808300190FFE701984068C0
:1094A00000680099884205D8FFE7FFE70198406807
:1094B0000190F3E7FFE7019840680299486002983D
:1094C0004168886001980299886002980199486013
:1094D000039802990861039908680130086004B094
:1094E0007047000083B0029001910298406800909C
:1094F00000980199486000988068019988600198F7
:1095000000998968486001980099886002980199DB
:109510000861029908680130086003B070470000D4
:10952000DFF80C00016841F4700101607047000031
:1095300088ED00E082B04FF0500080F31188BFF357
:109540006F8FBFF34F8F019040F2AC00C2F200006A
:109550000168013101600068012814D1FFE74EF66F
:109560000450CEF200000068000658B1FFE74FF04B
:10957000500080F31188BFF36F8FBFF34F8F0090BF
:10958000FFE7FEE7FFE702B07047000082B040F25D
:10959000AC00C2F20000006858B9FFE74FF050007D
:1095A00080F31188BFF36F8FBFF34F8F0090FFE7F9
:1095B000FEE740F2AC00C2F2000001680139016030
:1095C000006830B9FFE700200190019880F311880E
:1095D000FFE702B07047000080B586B003900398A3
:1095E0000290039800285CD0FFE7029808380290A8
:1095F000029801900198406845F60C11C2F20001F2
:10960000096808420BD1FFE74FF0500080F3118842
:10961000BFF36F8FBFF34F8F0590FFE7FEE7019811
:10962000006858B1FFE74FF0500080F31188BFF396
:109630006F8FBFF34F8F0490FFE7FEE701984068FC
:1096400045F60C11C2F200010968084227D0FFE775
:109650000198006808BBFFE745F60C10C2F2000055
:109660000268019948689043486000F0EBF901985E
:10967000426845F63811C2F20001086810440860DB
:109680000198FFF77BF845F65011C2F20001086817
:109690000130086001F0A0F900E0FFE700E0FFE71B
:1096A000FFE706B080BD00004EF21001CEF20001CF
:1096B000002008604EF21802CEF20002106040F264
:1096C0005400C2F20000006844F6D352C1F26202B4
:1096D000A0FB02024FF0FF3000EB92104EF214029A
:1096E000CEF20002106007200860704784B0EFF3EC
:1096F00005800190019810281ED3FFE701984EF2D3
:10970000F031CEF20001405C8DF803009DF80300BB
:1097100045F20F21C2F20001097888420BDAFFE717
:109720004FF0500080F31188BFF36F8FBFF34F8F5E
:109730000390FFE7FEE7FFE74EF60C50CEF2000085
:10974000006800F4E06045F21021C2F200010968EF
:1097500088420BD9FFE74FF0500080F31188BFF328
:109760006F8FBFF34F8F0290FFE7FEE704B07047A3
:1097700083B00290019100200090FFE70098072835
:109780001DD8FFE7009945F66C10C2F2000050F8B2
:10979000310070B9FFE70198009A45F66C11C2F2EA
:1097A000000141F832000298009A01EBC2014860C2
:1097B00005E0FFE7FFE7009801300090DEE703B027
:1097C0007047000080B584B0039002910192039825
:1097D0000090FFF7AFFE009890F94400013028B9DF
:1097E000FFE70099002081F84400FFE7009890F916
:1097F0004500013028B9FFE70099002081F84500B5
:10980000FFE7FFF7C3FE0098806B38B9FFE70098C9
:1098100024300299019A00F07BF800E0FFE70098FD
:10982000FFF7DAFA04B080BD80B584B00290002062
:1098300001900298E0B1FFE745F22020C2F200005B
:10984000006858B1FFE74FF0500080F31188BFF374
:109850006F8FBFF34F8F0390FFE7FEE700F0F2F842
:1098600002980021FEF7BEFB01F0B6F8019000E07F
:10987000FFE7019860B9FFE74EF60451CEF2000110
:109880004FF080500860BFF34F8FBFF36F8F00E041
:10989000FFE704B080BD000081B0009045F648109D
:1098A000C2F2000000680099086045F6E010C2F2BC
:1098B000000000680099486001B0704745F6EC115F
:1098C000C2F20001012008607047000080B584B03A
:1098D00002900191029858B9FFE74FF0500080F3D1
:1098E0001188BFF36F8FBFF34F8F0390FFE7FEE741
:1098F000029841F24C11C2F2000109681831FFF7D9
:10990000BBFD01980121FEF76DFB04B080BD000096
:1099100080B584B0029001910092029858B9FFE797
:109920004FF0500080F31188BFF36F8FBFF34F8F5C
:109930000390FFE7FEE7029841F24C11C2F20001EA
:1099400009681831FFF7CEFD009820B1FFE74FF00E
:10995000FF300190FFE701980099FEF743FB04B048
:1099600080BD000080B58AB000200390069005906D
:1099700006A805A904AAFFF733FD039B049A0599DD
:10998000DDF818C06846C0F808C04160036048F2BE
:109990004950C0F600004BF2FC01C0F6000100F097
:1099A000CDFD014645F63C10C2F2000001600068A2
:1099B00018B1FFE70120079002E000200790FFE7C1
:1099C0000798012804D1FFE701F0CAF8079000E0EA
:1099D000FFE70798012823D1FFE74FF0500080F3FD
:1099E0001188BFF36F8FBFF34F8F099045F6441175
:1099F000C2F200014FF0FF30086045F6AC11C2F230
:109A000000010120086045F6E011C2F200010020CB
:109A1000086000F083F808B1FFE700E0FFE70FE01F
:109A20000798013058B9FFE74FF0500080F31188D4
:109A3000BFF36F8FBFF34F8F0890FFE7FEE7FFE79D
:109A40000AB080BD45F22021C2F200010868013051
:109A50000860704783B045F22020C2F20000006821
:109A600038B1FFE745F6EC11C2F2000101200860B1
:109A700051E045F6EC11C2F200010020086045F209
:109A80002820C2F2000000680190FFE7019800EB77
:109A9000800141F26410C2F2000050F8210090B938
:109AA000FFE7019858B9FFE74FF0500080F31188A5
:109AB000BFF36F8FBFF34F8F0290FFE7FEE7019870
:109AC00001380190E2E7019800EB800141F2641057
:109AD000C2F2000000EB81000090009948684068E5
:109AE0004860009948680831884205D1FFE700992D
:109AF000486840684860FFE700984068C06841F2E5
:109B00004C11C2F200010860019845F22821C2F20E
:109B100000010860FFE703B07047000080B588B01F
:109B20004EF60050CEF2000000684CF27121C4F2F3
:109B30000F1188420BD1FFE74FF0500080F31188DE
:109B4000BFF36F8FBFF34F8F0790FFE7FEE74EF62F
:109B50000050CEF2000000684CF27021C4F20F11E8
:109B600088420BD1FFE74FF0500080F31188BFF31C
:109B70006F8FBFF34F8F0690FFE7FEE74EF2004076
:109B8000CEF20000039001780491FF21017000786B
:109B90008DF80B009DF80B0000F0500045F20F21EE
:109BA000C2F20001087045F21021C2F20001072044
:109BB0000860FFE79DF80B00000600280DD5FFE7C1
:109BC00045F21021C2F200010868013808609DF8D2
:109BD0000B0040008DF80B00ECE745F21020C2F2BC
:109BE0000000006803280BD0FFE74FF0500080F31F
:109BF0001188BFF36F8FBFF34F8F0590FFE7FEE72C
:109C000045F21021C2F200010868000208600868ED
:109C100000F4E060086004984EF20041CEF20001CA
:109C200008704EF62051CEF20001086840F4700032
:109C30000860086840F070400860FFF735FD40F2AA
:109C4000AC01C2F20001002001900860FFF768FC3F
:109C50004EF63471CEF20001086840F040400860D2
:109C6000FEF760FEFFF7F6FEFFF780F8019808B0F8
:109C700080BD000080B582B04FF0500080F31188A5
:109C8000BFF36F8FBFF34F8F009000F0E5FC40B142
:109C9000FFE74EF60451CEF200014FF0805008600D
:109CA000FFE700200190019880F3118802B080BD89
:109CB00080B590B084461298CDF828C009910892DA
:109CC00007938DF81B000A9858B9FFE74FF0500032
:109CD00080F31188BFF36F8FBFF34F8F0F90FFE7B3
:109CE000FEE7079858B9FFE74FF0500080F311885E
:109CF000BFF36F8FBFF34F8F0E90FFE7FEE708991A
:109D00000020039031B1FFE70998B0FA80F04009D4
:109D10000390FFE70398C00758B1FFE74FF05000EA
:109D200080F31188BFF36F8FBFF34F8F0D90FFE764
:109D3000FEE708990020029031B9FFE70998002852
:109D400018BF01200290FFE70298C00758B1FFE753
:109D50004FF0500080F31188BFF36F8FBFF34F8F28
:109D60000C90FFE7FEE750200490049850280BD099
:109D7000FFE74FF0500080F31188BFF36F8FBFF300
:109D80004F8F0B90FFE7FEE7049807980590059822
:109D900088B1FFE70599012081F846000A980999E2
:109DA000089A9DF81B30DDF814C0EE46CEF800C0CE
:109DB000FEF7E6FB00E0FFE7059810B080BD00006D
:109DC00080B584B00290019102980090009858B933
:109DD000FFE74FF0500080F31188BFF36F8FBFF3A0
:109DE0004F8F0390FFE7FEE7FFF7A4FB00990B6896
:109DF000C86B0A6C00FB0230886000990020886301
:109E000000990868486000990B68C86B0A6C0138B3
:109E100000FB0230C8600099FF2081F844000099DF
:109E200081F845000198D0B9FFE700980069A0B11A
:109E3000FFE70098103000F067FD60B1FFE74EF6D5
:109E40000451CEF200014FF080500860BFF34F8FF5
:109E5000BFF36F8F00E0FFE700E0FFE708E0009846
:109E60001030FFF7E9FA00982430FFF7E5FAFFE732
:109E7000FFF78CFB012004B080BD000080B592B0DC
:109E80000C900B910A920993002008900C98049072
:109E9000049858B9FFE74FF0500080F31188BFF3E2
:109EA0006F8FBFF34F8F1190FFE7FEE70B990020F4
:109EB000039039B9FFE70498006C002818BF01200F
:109EC0000390FFE70398C00758B1FFE74FF0500039
:109ED00080F31188BFF36F8FBFF34F8F1090FFE7B0
:109EE000FEE7099900200229029007D1FFE70498B4
:109EF000C06B013818BF01200290FFE70298C0072D
:109F000058B1FFE74FF0500080F31188BFF36F8F17
:109F1000BFF34F8F0F90FFE7FEE700F077FB01469E
:109F20000020019031B9FFE70A98002818BF0120EE
:109F30000190FFE70198C00758B1FFE74FF05000CC
:109F400080F31188BFF36F8FBFF34F8F0E90FFE741
:109F5000FEE7FFE7FFF7EEFA0498806B0499C96B00
:109F6000884204D3FFE70998022834D1FFE7049818
:109F70000B99099AFEF7D4F907900498406AA0B1AA
:109F8000FFE70498243000F0BFFC60B1FFE74EF615
:109F90000451CEF200014FF080500860BFF34F8FA4
:109FA000BFF36F8F00E0FFE710E0079860B1FFE7B5
:109FB0004EF60451CEF200014FF080500860BFF31E
:109FC0004F8FBFF36F8F00E0FFE7FFE7FFF7DEFA89
:109FD00001200D9065E00A9828B9FFE7FFF7D6FA4F
:109FE00000200D905DE0089830B9FFE705A8FFF765
:109FF00053FC0120089000E0FFE7FFE7FFE7FFF7D1
:10A00000C5FAFFF71FFDFFF795FA049890F9440091
:10A01000013028B9FFE70499002081F84400FFE7E8
:10A02000049890F94500013028B9FFE70499002011
:10A0300081F84500FFE7FFF7A9FA05A80AA900F093
:10A04000C7F928BBFFE70498FEF754FCC8B1FFE747
:10A05000049810300A99FFF739FC0498FEF7BCFE0B
:10A0600000F0BAFC60B9FFE74EF60451CEF20001F1
:10A070004FF080500860BFF34F8FBFF36F8FFFE743
:10A0800005E00498FEF7A8FE00F0A6FCFFE707E055
:10A090000498FEF7A1FE00F09FFC00200D9000E068
:10A0A00058E70D9812B080BD80B592B00B900A9120
:10A0B000099208930B980590059858B9FFE74FF05F
:10A0C000500080F31188BFF36F8FBFF34F8F0E9056
:10A0D000FFE7FEE70A990020029039B9FFE70598EB
:10A0E000006C002818BF01200290FFE70298C0070B
:10A0F00058B1FFE74FF0500080F31188BFF36F8F26
:10A10000BFF34F8F0D90FFE7FEE70899002002296B
:10A11000019007D1FFE70598C06B013818BF0120F7
:10A120000190FFE70198C00758B1FFE74FF05000DA
:10A1300080F31188BFF36F8FBFF34F8F0C90FFE751
:10A14000FEE7FFF7D3FAEFF311814FF0500080F3F1
:10A150001188BFF36F8FBFF34F8F10910F9010983E
:10A1600006900598806B0599C96B884204D3FFE778
:10A170000898022833D1FFE7059890F845008DF83C
:10A1800013000598806B039005980A99089AFEF7CA
:10A19000C7F89DF913000130B8B9FFE70598406A88
:10A1A00088B1FFE70598243000F0AEFB48B1FFE727
:10A1B000099820B1FFE709990120086000E0FFE756
:10A1C00000E0FFE700E0FFE706E09DF81300013044
:10A1D000059981F84500FFE70120079002E0002083
:10A1E0000790FFE706981190119880F3118807985F
:10A1F00012B080BD80B58EB0099008910792002002
:10A20000069009980390039858B9FFE74FF0500063
:10A2100080F31188BFF36F8FBFF34F8F0D90FFE76F
:10A22000FEE708990020019039B9FFE70398006C18
:10A23000002818BF01200190FFE70198C00758B11E
:10A24000FFE74FF0500080F31188BFF36F8FBFF32B
:10A250004F8F0C90FFE7FEE700F0D8F90146002091
:10A26000009031B9FFE70798002818BF012000903F
:10A27000FFE70098C00758B1FFE74FF0500080F3A8
:10A280001188BFF36F8FBFF34F8F0B90FFE7FEE78F
:10A29000FFE7FFF74FF90398806B0290029830B305
:10A2A000FFE703980899FEF719F802980138039917
:10A2B000886303980069A0B1FFE70398103000F0AD
:10A2C00023FB60B1FFE74EF60451CEF200014FF0E0
:10A2D00080500860BFF34F8FBFF36F8F00E0FFE740
:10A2E00000E0FFE7FFF752F901200A906DE00798C0
:10A2F00028B9FFE7FFF74AF900200A9065E00698C1
:10A3000030B9FFE704A8FFF7C7FA0120069000E084
:10A31000FFE7FFE7FFE7FFF739F9FFF793FBFFF7E9
:10A3200009F9039890F94400013028B9FFE703992F
:10A33000002081F84400FFE7039890F945000130C0
:10A3400028B9FFE70399002081F84500FFE7FFF7F0
:10A350001DF904A807A900F03BF830BBFFE70398FC
:10A36000FEF7B4FAD0B1FFE7039824300799FFF75E
:10A37000ADFA0398FEF730FD00F02EFB60B9FFE761
:10A380004EF60451CEF200014FF080500860BFF34A
:10A390004F8FBFF36F8F00E0FFE705E00398FEF7F4
:10A3A0001BFD00F019FBFFE70EE00398FEF714FD1C
:10A3B00000F012FB0398FEF789FA18B1FFE70020BE
:10A3C0000A9002E0FFE7FFE763E70A980EB080BD5E
:10A3D00080B588B005900491059858B9FFE74FF013
:10A3E000500080F31188BFF36F8FBFF34F8F07903A
:10A3F000FFE7FEE7049858B9FFE74FF0500080F3FD
:10A400001188BFF36F8FBFF34F8F0690FFE7FEE712
:10A41000FFF790F845F6E010C2F2000000680290E5
:10A42000029805994968401A019004980068013023
:10A4300018B9FFE7002003902BE045F64810C2F260
:10A440000000006805990968884209D0FFE7029872
:10A4500005994968884203D3FFE70120039017E07C
:10A4600001980499096888420BD2FFE7019A049980
:10A470000868801A08600598FFF70EFA002003901C
:10A4800005E004990020086001200390FFE7FFE742
:10A49000FFE7FFF77BF8039808B080BD70B58CB07C
:10A4A000DDF844C0DDF840C00B900A91ADF82620DD
:10A4B0000893BDF826008000FEF7E6FC059005989D
:10A4C00080B1FFE75C20FEF7DFFC0790079820B122
:10A4D000FFE705980799086303E00598FFF77CF804
:10A4E000FFE702E000200790FFE70798F0B1FFE7E1
:10A4F0000798002680F859600B980A99BDF8262025
:10A50000089BDDF840C0119C079DEE46CEF80C601C
:10A51000CEF80850CEF80440CEF800C0FEF754F84C
:10A520000798FDF7C9FD0120069003E04FF0FF30CA
:10A530000690FFE706980CB070BD0000B0B58EB075
:10A54000DDF850C0DDF84CC0DDF848C00A90099134
:10A5500008920793139858B9FFE74FF0500080F323
:10A560001188BFF36F8FBFF34F8F0D90FFE7FEE7AA
:10A57000149858B9FFE74FF0500080F31188BFF3EB
:10A580006F8FBFF34F8F0C90FFE7FEE75C200490C6
:10A5900004985C280BD0FFE74FF0500080F311883F
:10A5A000BFF36F8FBFF34F8F0B90FFE7FEE7049869
:10A5B000149820B3FFE7139808B3FFE714980690A8
:10A5C0001398069908630699022081F859000A98A1
:10A5D0000999089A079BDDF848C0069CEE460025BD
:10A5E000CEF80C50CEF8084005ACCEF80440CEF8BA
:10A5F00000C0FDF7E9FF0698FDF75EFD02E00020D0
:10A600000590FFE705980EB0B0BD000081B045F69B
:10A61000AC10C2F20000006818B9FFE701200090FA
:10A620000DE045F22020C2F20000006818B9FFE7F3
:10A630000220009002E000200090FFE7FFE7009872
:10A6400001B0704781B045F6E010C2F2000000682A
:10A650000090009801B0704780B586B0002002904D
:10A6600045F22020C2F200000068002840F0CB80B4
:10A67000FFE745F6E011C2F20001086801300190E1
:10A6800001980860019858BBFFE741F25410C2F2EC
:10A6900000000068006858B1FFE74FF0500080F3F9
:10A6A0001188BFF36F8FBFF34F8F0590FFE7FEE771
:10A6B00041F25412C2F200021068009041F25C11A3
:10A6C000C2F20001086810600098086045F6481161
:10A6D000C2F20001086801300860FEF797FA00E056
:10A6E000FFE7019845F64411C2F20001096888426B
:10A6F00068D3FFE7FFE741F25410C2F200000068A0
:10A70000006840B9FFE745F64411C2F200014FF07E
:10A71000FF30086055E041F25410C2F200000068BA
:10A72000C068C06804900498406803900198039939
:10A73000884207D2FFE7039845F64411C2F20001B0
:10A7400008603EE0FFE704980430FEF725FE049819
:10A75000806A28B1FFE704981830FEF71DFE00E07C
:10A76000FFE70498C06A45F22821C2F20001096897
:10A77000884208D9FFE70498C06A45F22821C2F24E
:10A7800000010860FFE70499C86A00EB800241F20B
:10A790006410C2F2000000EB82000431FEF7A2FE5A
:10A7A0000498C06A41F24C11C2F200010968C96AFA
:10A7B000884203D3FFE70120029000E0FFE7FFE7B4
:10A7C00099E7FFE741F24C10C2F200000068C06A4E
:10A7D00000EB800141F26410C2F2000050F8210049
:10A7E000022803D3FFE70120029000E0FFE745F6CF
:10A7F000EC10C2F20000006818B1FFE701200290DF
:10A8000000E0FFE707E045F65411C2F200010868D6
:10A8100001300860FFE7029806B080BD80B586B0C1
:10A82000039003980290002001900398002867D0BD
:10A83000FFE7029841F24C11C2F200010968884218
:10A840000BD0FFE74FF0500080F31188BFF36F8FFC
:10A85000BFF34F8F0590FFE7FEE70298006D58B9F0
:10A86000FFE74FF0500080F31188BFF36F8FBFF305
:10A870004F8F0490FFE7FEE70299086D01380865E5
:10A880000299C86AC96C884238D0FFE70298006D07
:10A8900090BBFFE702980430FEF77EFD08B9FFE7A2
:10A8A00000E0FFE70299C86CC8620299C86AC0F16B
:10A8B000380088610298C06A45F22821C2F200017E
:10A8C0000968884208D9FFE70298C06A45F2282142
:10A8D000C2F200010860FFE70299C86A00EB80023B
:10A8E00041F26410C2F2000000EB82000431FEF776
:10A8F000F9FD0120019000E0FFE700E0FFE700E044
:10A90000FFE7019806B080BD80B584B00290029840
:10A91000C068C0680190019858B9FFE74FF0500037
:10A9200080F31188BFF36F8FBFF34F8F0390FFE762
:10A93000FEE701981830FEF72FFD45F22020C2F205
:10A940000000006820BBFFE701980430FEF724FDFB
:10A950000198C06A45F22821C2F2000109688842C4
:10A9600008D9FFE70198C06A45F22821C2F2000128
:10A970000860FFE70199C86A00EB800241F26410A9
:10A98000C2F2000000EB82000431FEF7ABFD09E0EB
:10A99000019800F1180145F65810C2F20000FEF7C8
:10A9A000A1FDFFE70198C06A41F24C11C2F200011B
:10A9B0000968C96A884208D9FFE70120009045F676
:10A9C000EC11C2F20001086002E000200090FFE7F5
:10A9D000009804B080BD000080B584B000200290D3
:10A9E000019045F22020C2F20000006858B9FFE74C
:10A9F0004FF0500080F31188BFF36F8FBFF34F8F7C
:10AA00000390FFE7FEE7FEF795FD45F22020C2F236
:10AA100000000168013901600068002840F0998059
:10AA2000FFE745F21820C2F200000068002800F09D
:10AA30008F80FFE7FFE745F65810C2F2000000687C
:10AA4000002842D0FFE745F65810C2F20000C06867
:10AA5000C068029002981830FEF79EFC02980430FD
:10AA6000FEF79AFC0298C06A45F22821C2F2000162
:10AA70000968884208D9FFE70298C06A45F2282190
:10AA8000C2F200010860FFE70299C86A00EB800289
:10AA900041F26410C2F2000000EB82000431FEF7C4
:10AAA00021FD0298C06A41F24C11C2F2000109680E
:10AAB000C96A884207D3FFE745F6EC11C2F20001EC
:10AAC0000120086000E0FFE7B5E7029818B1FFE752
:10AAD000FEF79CF8FFE745F65410C2F2000000684C
:10AAE00000900098E0B1FFE7FFE7FFF7B5FD38B150
:10AAF000FFE745F6EC11C2F200010120086000E01A
:10AB0000FFE7009801380090FFE700980028ECD19B
:10AB1000FFE745F65411C2F200010020086000E092
:10AB2000FFE745F6EC10C2F20000006870B1FFE7E5
:10AB3000012001904EF60451CEF200014FF08050FA
:10AB40000860BFF34F8FBFF36F8F00E0FFE7FFE7B1
:10AB500000E0FFE7FEF71AFD019804B080BD000099
:10AB600080B58AB000200890FDF738FB45F6E41068
:10AB7000C2F20000006858B3FFE70020049007907D
:10AB8000069007A806A905AAFEF740FC049B059AB3
:10AB90000698DDF81CC06946C1F808C0486002206C
:10ABA000086048F6B950C0F600004BF20611C0F636
:10ABB0000001FFF7C3FC014645F6E810C2F20000B1
:10ABC0000160006818B1FFE701200890FFE700E08E
:10ABD000FFE7089858B9FFE74FF0500080F311885D
:10ABE000BFF36F8FBFF34F8F0990FFE7FEE7089821
:10ABF0000AB080BD80B58AB0DDF830C008900791FA
:10AC00000692059300200490089858B9FFE74FF08A
:10AC1000500080F31188BFF36F8FBFF34F8F0990FF
:10AC2000FFE7FEE745F6E410C2F200000068A8B3B3
:10AC3000FFE70798009006980190089802900798FF
:10AC400005281EDCFFE7FFF7E1FC02280CD1FFE737
:10AC500045F6E410C2F2000000680C9A6946002331
:10AC6000FFF70CF904900BE045F6E410C2F2000087
:10AC70000068694600231A46FFF700F90490FFE7D1
:10AC80000BE045F6E410C2F200000068059A694640
:10AC90000023FFF709FA0490FFE700E0FFE70498BC
:10ACA0000AB080BD491058BFC1F140415B1058BF88
:10ACB000C3F140438B42EFF30080704751EA030C2D
:10ACC00017D41CF5801F58BFBCF5801F00F106800B
:10ACD000994218BF704708BF9042704707D711F5D7
:10ACE000801F58BF13F5801F19D4994270478942BD
:10ACF00070471CF5801F08D5BCF5801FF7D58B4227
:10AD000018BF704708BF824270474FF4001C1CEB0D
:10AD1000410F38BF1CEB430F01D28B42704770B517
:10AD200000F080F8922449004FF000514FF080531A
:10AD3000FFF7B8BF51EA030C17D41CF5801F58BFAA
:10AD4000BCF5801F00F10680994218BF704708BF0C
:10AD50009042704707D711F5801F58BF13F5801F29
:10AD600019D499427047894270471CF5801F08D555
:10AD7000BCF5801FF7D58B4218BF704708BF8242D1
:10AD800070474FF4001C1CEB410F38BF1CEB430F06
:10AD900001D28B42704770B500F044F8922449000C
:10ADA0004FF080514FF00053FFF77CBF51EA030C86
:10ADB00017D41CF5801F58BFBCF5801F00F106801A
:10ADC000994218BF704708BF9042704707D711F5E6
:10ADD000801F58BF13F5801F19D4994270478942CC
:10ADE00070471CF5801F08D5BCF5801FF7D58B4236
:10ADF00018BF704708BF824270474FF4001C1CEB1D
:10AE0000410F38BF1CEB430F01D28B42704770B526
:10AE100000F008F8922449004FF000514FF08053A1
:10AE2000FFF740BF0EF1020E2EF0030E5EF8046B2A
:10AE3000364205D4012A43EB030515F5001F12D84D
:10AE4000012841EB010C1CF5001F0CD80ED14FEA74
:10AE5000D17C0CEB4C0C0CF1020C15F5001F08BF5B
:10AE60004CEBD37C04E04FF0080C01E04FEAD37CBC
:10AE70000CEB4C0526FA05F606F00706B6F1040CB5
:10AE800006D20EEB860CBDE870404CF0010C60471A
:10AE9000DFE80CF0090B02024FF00041A1F50021A0
:10AEA0004FF0000070BD19461046012851EB010417
:10AEB00018BFD4F5001484BF002001F0004170BD1C
:10AEC0000808A0F500114FEA3101704743004FEA2E
:10AED000D30C4FEA3C0C43401FBF40070CF16051BC
:10AEE00013F0FE4F70471CF0006F03D10CF00041CF
:10AEF000002070470CF0004343EA507040EACC0059
:10AF000010B500F038F800BF000000924FEA0001D1
:10AF1000FFF7D6BF4FF00041A1F500214FF0000030
:10AF2000704710B5FFF7CAFE0CBF0120002010BD0E
:10AF300010B5FFF7C3FE14BF0120002010BD10B5EF
:10AF4000FFF7F8FE8CBF0120002010BD10B5FFF701
:10AF5000F1FE2CBF0120002010BD10B5FFF726FF29
:10AF600094BF0120002010BD10B5FFF71FFF34BFB4
:10AF70000120002010BD0EF1020E2EF0030E5EF82F
:10AF8000044B244204D44FEA4102B2F17F4F11D85E
:10AF90004FEA4003B3F17F4F0CD80ED14FEAD07C7B
:10AFA0000CEB4C0C0CF1020CB2F17F4F08BF4CEBD8
:10AFB000D17C04E04FF0080C01E04FEAD17C0CEBAF
:10AFC0004C0324FA03F404F00704B4F1040C06D291
:10AFD0000EEB840CBDE810404CF0010C6047DFE83C
:10AFE0000CF0070802024FF00040A0F5800010BDF1
:10AFF0000846420018BFD2F1807288BF00F00040BE
:10B0000010BDF1EE100A4FF6FF71C0F2C03120EA18
:10B01000010040F04070E1EE100A704700000000AF
:10B0200000000000010203040607080900000000F8
:10B0300001020304F3B0000800000000000000005B
:10B0400000000000000000000002000018000000E6
:10B050000000000000000000DDB00008000000005B
:10B0600000000000000000000000000000020000DE
:10B070001F0000000000000000000000CDB000082C
:10B0800000000000000000000000000000000000C0
:10B090000002000028000000000000000000000086
:10B0A0000006101600061016EBB0000800000000A5
:10B0B000000000000000000000000000000200008E
:10B0C00018000000000000000000000000436C6158
:10B0D000775570646174655F5461736B00436C6194
:10B0E000774563686F5F5461736B004C65645461AE
:10B0F000736B00426565705461736B0049444C4545
:10B1000000546D725100546D72205376630000003C
:10B1100030B1000800000020B0000000C4010008A9
:10B12000E0B10008B000002040650000E001000828
:10B13000E55E00080C00002000000000016000082F
:10B140000000000000000000CD6000080C0000209E
:10B1500000000000596100080C0000200000000001
:10B16000D16100080C0000200000000019630008F5
:10B170000C00002000000000816300080C0000208B
:10B18000000000000024F400216500080C000020ED
:10B1900000000000000000000000000000000000AF
:10B1A000000080BF00000000000000000000000060
:10B1B000000080BF00000000000000000000000050
:10B1C000000080BF00000000000000000000000040
:10B1D000000080BF0100000010000000AAAAAAAA77
:040000050800018965
:00000001FF
